Partition Merge report for ai_accelerator
Thu Aug 27 17:15:07 2026
Quartus Prime Version 25.1std.0 Build 1129 10/21/2025 SC Lite Edition


---------------------
; Table of Contents ;
---------------------
  1. Legal Notice
  2. Partition Merge Summary
  3. Partition Merge Netlist Types Used
  4. Connections to In-System Debugging Instance "auto_signaltap_0"
  5. Partition Merge Partition Statistics
  6. Partition Merge Partition Pin Processing
  7. Partition Merge Resource Usage Summary
  8. Partition Merge RAM Summary
  9. Partition Merge DSP Block Usage Summary
 10. Partition Merge Messages



----------------
; Legal Notice ;
----------------
Copyright (C) 2025  Altera Corporation. All rights reserved.
Your use of Altera Corporation's design tools, logic functions 
and other software and tools, and any partner logic 
functions, and any output files from any of the foregoing 
(including device programming or simulation files), and any 
associated documentation or information are expressly subject 
to the terms and conditions of the Altera Program License 
Subscription Agreement, the Altera Quartus Prime License Agreement,
the Altera IP License Agreement, or other applicable license
agreement, including, without limitation, that your use is for
the sole purpose of programming logic devices manufactured by
Altera and sold by Altera or its authorized distributors.  Please
refer to the Altera Software License Subscription Agreements 
on the Quartus Prime software download page.



+-----------------------------------------------------------------------------------+
; Partition Merge Summary                                                           ;
+---------------------------------+-------------------------------------------------+
; Partition Merge Status          ; Successful - Thu Aug 27 17:15:07 2026           ;
; Quartus Prime Version           ; 25.1std.0 Build 1129 10/21/2025 SC Lite Edition ;
; Revision Name                   ; ai_accelerator                                  ;
; Top-level Entity Name           ; top                                             ;
; Family                          ; Cyclone V                                       ;
; Logic utilization (in ALMs)     ; N/A                                             ;
; Total registers                 ; 8045                                            ;
; Total pins                      ; 12                                              ;
; Total virtual pins              ; 0                                               ;
; Total block memory bits         ; 97,024                                          ;
; Total DSP Blocks                ; 3                                               ;
; Total HSSI RX PCSs              ; 0                                               ;
; Total HSSI PMA RX Deserializers ; 0                                               ;
; Total HSSI TX PCSs              ; 0                                               ;
; Total HSSI PMA TX Serializers   ; 0                                               ;
; Total PLLs                      ; 0                                               ;
; Total DLLs                      ; 0                                               ;
+---------------------------------+-------------------------------------------------+


+-------------------------------------------------------------------------------------------------------------------------------+
; Partition Merge Netlist Types Used                                                                                            ;
+--------------------------------+----------------+-------------------+------------------------+--------------------------------+
; Partition Name                 ; Partition Type ; Netlist Type Used ; Netlist Type Requested ; Partition Contents             ;
+--------------------------------+----------------+-------------------+------------------------+--------------------------------+
; Top                            ; User-created   ; Source File       ; Source File            ;                                ;
; sld_hub:auto_hub               ; Auto-generated ; Post-Synthesis    ; Post-Synthesis         ; sld_hub:auto_hub               ;
; sld_signaltap:auto_signaltap_0 ; Auto-generated ; Post-Synthesis    ; Post-Synthesis         ; sld_signaltap:auto_signaltap_0 ;
; hard_block:auto_generated_inst ; Auto-generated ; Source File       ; Source File            ; hard_block:auto_generated_inst ;
+--------------------------------+----------------+-------------------+------------------------+--------------------------------+


+--------------------------------------------------------------------------------------------------------------------------------------------------------------------------------------------------------------------------------------------------------------------------+
; Connections to In-System Debugging Instance "auto_signaltap_0"                                                                                                                                                                                                           ;
+--------------------------------------------------------+---------------+-----------+--------------------------------+-------------------+-------------------------------------+------------------------------------------------------------------------------------------+
; Name                                                   ; Type          ; Status    ; Partition Name                 ; Netlist Type Used ; Actual Connection                   ; Details                                                                                  ;
+--------------------------------------------------------+---------------+-----------+--------------------------------+-------------------+-------------------------------------+------------------------------------------------------------------------------------------+
; CLOCK_50                                               ; pre-synthesis ; connected ; Top                            ; post-synthesis    ; CLOCK_50                            ; N/A                                                                                      ;
; secondlayer:u_secondLayer|layer_1_in[0][0]             ; pre-synthesis ; connected ; Top                            ; post-synthesis    ; GND                                 ; N/A                                                                                      ;
; secondlayer:u_secondLayer|layer_1_in[0][0]             ; pre-synthesis ; connected ; Top                            ; post-synthesis    ; GND                                 ; N/A                                                                                      ;
; secondlayer:u_secondLayer|layer_1_in[0][1]             ; pre-synthesis ; connected ; Top                            ; post-synthesis    ; GND                                 ; N/A                                                                                      ;
; secondlayer:u_secondLayer|layer_1_in[0][1]             ; pre-synthesis ; connected ; Top                            ; post-synthesis    ; GND                                 ; N/A                                                                                      ;
; secondlayer:u_secondLayer|layer_1_in[0][2]             ; pre-synthesis ; connected ; Top                            ; post-synthesis    ; GND                                 ; N/A                                                                                      ;
; secondlayer:u_secondLayer|layer_1_in[0][2]             ; pre-synthesis ; connected ; Top                            ; post-synthesis    ; GND                                 ; N/A                                                                                      ;
; secondlayer:u_secondLayer|layer_1_in[0][3]             ; pre-synthesis ; connected ; Top                            ; post-synthesis    ; GND                                 ; N/A                                                                                      ;
; secondlayer:u_secondLayer|layer_1_in[0][3]             ; pre-synthesis ; connected ; Top                            ; post-synthesis    ; GND                                 ; N/A                                                                                      ;
; secondlayer:u_secondLayer|layer_1_in[0][4]             ; pre-synthesis ; connected ; Top                            ; post-synthesis    ; GND                                 ; N/A                                                                                      ;
; secondlayer:u_secondLayer|layer_1_in[0][4]             ; pre-synthesis ; connected ; Top                            ; post-synthesis    ; GND                                 ; N/A                                                                                      ;
; secondlayer:u_secondLayer|layer_1_in[0][5]             ; pre-synthesis ; connected ; Top                            ; post-synthesis    ; GND                                 ; N/A                                                                                      ;
; secondlayer:u_secondLayer|layer_1_in[0][5]             ; pre-synthesis ; connected ; Top                            ; post-synthesis    ; GND                                 ; N/A                                                                                      ;
; secondlayer:u_secondLayer|layer_1_in[0][6]             ; pre-synthesis ; connected ; Top                            ; post-synthesis    ; GND                                 ; N/A                                                                                      ;
; secondlayer:u_secondLayer|layer_1_in[0][6]             ; pre-synthesis ; connected ; Top                            ; post-synthesis    ; GND                                 ; N/A                                                                                      ;
; secondlayer:u_secondLayer|layer_1_in[0][7]             ; pre-synthesis ; connected ; Top                            ; post-synthesis    ; GND                                 ; N/A                                                                                      ;
; secondlayer:u_secondLayer|layer_1_in[0][7]             ; pre-synthesis ; connected ; Top                            ; post-synthesis    ; GND                                 ; N/A                                                                                      ;
; secondlayer:u_secondLayer|layer_1_in[0][8]             ; pre-synthesis ; connected ; Top                            ; post-synthesis    ; GND                                 ; N/A                                                                                      ;
; secondlayer:u_secondLayer|layer_1_in[0][8]             ; pre-synthesis ; connected ; Top                            ; post-synthesis    ; GND                                 ; N/A                                                                                      ;
; secondlayer:u_secondLayer|layer_1_in[10][0]            ; pre-synthesis ; connected ; Top                            ; post-synthesis    ; GND                                 ; N/A                                                                                      ;
; secondlayer:u_secondLayer|layer_1_in[10][0]            ; pre-synthesis ; connected ; Top                            ; post-synthesis    ; GND                                 ; N/A                                                                                      ;
; secondlayer:u_secondLayer|layer_1_in[10][1]            ; pre-synthesis ; connected ; Top                            ; post-synthesis    ; GND                                 ; N/A                                                                                      ;
; secondlayer:u_secondLayer|layer_1_in[10][1]            ; pre-synthesis ; connected ; Top                            ; post-synthesis    ; GND                                 ; N/A                                                                                      ;
; secondlayer:u_secondLayer|layer_1_in[10][2]            ; pre-synthesis ; connected ; Top                            ; post-synthesis    ; GND                                 ; N/A                                                                                      ;
; secondlayer:u_secondLayer|layer_1_in[10][2]            ; pre-synthesis ; connected ; Top                            ; post-synthesis    ; GND                                 ; N/A                                                                                      ;
; secondlayer:u_secondLayer|layer_1_in[10][3]            ; pre-synthesis ; connected ; Top                            ; post-synthesis    ; GND                                 ; N/A                                                                                      ;
; secondlayer:u_secondLayer|layer_1_in[10][3]            ; pre-synthesis ; connected ; Top                            ; post-synthesis    ; GND                                 ; N/A                                                                                      ;
; secondlayer:u_secondLayer|layer_1_in[10][4]            ; pre-synthesis ; connected ; Top                            ; post-synthesis    ; GND                                 ; N/A                                                                                      ;
; secondlayer:u_secondLayer|layer_1_in[10][4]            ; pre-synthesis ; connected ; Top                            ; post-synthesis    ; GND                                 ; N/A                                                                                      ;
; secondlayer:u_secondLayer|layer_1_in[10][5]            ; pre-synthesis ; connected ; Top                            ; post-synthesis    ; GND                                 ; N/A                                                                                      ;
; secondlayer:u_secondLayer|layer_1_in[10][5]            ; pre-synthesis ; connected ; Top                            ; post-synthesis    ; GND                                 ; N/A                                                                                      ;
; secondlayer:u_secondLayer|layer_1_in[10][6]            ; pre-synthesis ; connected ; Top                            ; post-synthesis    ; GND                                 ; N/A                                                                                      ;
; secondlayer:u_secondLayer|layer_1_in[10][6]            ; pre-synthesis ; connected ; Top                            ; post-synthesis    ; GND                                 ; N/A                                                                                      ;
; secondlayer:u_secondLayer|layer_1_in[10][7]            ; pre-synthesis ; connected ; Top                            ; post-synthesis    ; GND                                 ; N/A                                                                                      ;
; secondlayer:u_secondLayer|layer_1_in[10][7]            ; pre-synthesis ; connected ; Top                            ; post-synthesis    ; GND                                 ; N/A                                                                                      ;
; secondlayer:u_secondLayer|layer_1_in[10][8]            ; pre-synthesis ; connected ; Top                            ; post-synthesis    ; GND                                 ; N/A                                                                                      ;
; secondlayer:u_secondLayer|layer_1_in[10][8]            ; pre-synthesis ; connected ; Top                            ; post-synthesis    ; GND                                 ; N/A                                                                                      ;
; secondlayer:u_secondLayer|layer_1_in[11][0]            ; pre-synthesis ; connected ; Top                            ; post-synthesis    ; GND                                 ; N/A                                                                                      ;
; secondlayer:u_secondLayer|layer_1_in[11][0]            ; pre-synthesis ; connected ; Top                            ; post-synthesis    ; GND                                 ; N/A                                                                                      ;
; secondlayer:u_secondLayer|layer_1_in[11][1]            ; pre-synthesis ; connected ; Top                            ; post-synthesis    ; GND                                 ; N/A                                                                                      ;
; secondlayer:u_secondLayer|layer_1_in[11][1]            ; pre-synthesis ; connected ; Top                            ; post-synthesis    ; GND                                 ; N/A                                                                                      ;
; secondlayer:u_secondLayer|layer_1_in[11][2]            ; pre-synthesis ; connected ; Top                            ; post-synthesis    ; GND                                 ; N/A                                                                                      ;
; secondlayer:u_secondLayer|layer_1_in[11][2]            ; pre-synthesis ; connected ; Top                            ; post-synthesis    ; GND                                 ; N/A                                                                                      ;
; secondlayer:u_secondLayer|layer_1_in[11][3]            ; pre-synthesis ; connected ; Top                            ; post-synthesis    ; GND                                 ; N/A                                                                                      ;
; secondlayer:u_secondLayer|layer_1_in[11][3]            ; pre-synthesis ; connected ; Top                            ; post-synthesis    ; GND                                 ; N/A                                                                                      ;
; secondlayer:u_secondLayer|layer_1_in[11][4]            ; pre-synthesis ; connected ; Top                            ; post-synthesis    ; GND                                 ; N/A                                                                                      ;
; secondlayer:u_secondLayer|layer_1_in[11][4]            ; pre-synthesis ; connected ; Top                            ; post-synthesis    ; GND                                 ; N/A                                                                                      ;
; secondlayer:u_secondLayer|layer_1_in[11][5]            ; pre-synthesis ; connected ; Top                            ; post-synthesis    ; GND                                 ; N/A                                                                                      ;
; secondlayer:u_secondLayer|layer_1_in[11][5]            ; pre-synthesis ; connected ; Top                            ; post-synthesis    ; GND                                 ; N/A                                                                                      ;
; secondlayer:u_secondLayer|layer_1_in[11][6]            ; pre-synthesis ; connected ; Top                            ; post-synthesis    ; GND                                 ; N/A                                                                                      ;
; secondlayer:u_secondLayer|layer_1_in[11][6]            ; pre-synthesis ; connected ; Top                            ; post-synthesis    ; GND                                 ; N/A                                                                                      ;
; secondlayer:u_secondLayer|layer_1_in[11][7]            ; pre-synthesis ; connected ; Top                            ; post-synthesis    ; GND                                 ; N/A                                                                                      ;
; secondlayer:u_secondLayer|layer_1_in[11][7]            ; pre-synthesis ; connected ; Top                            ; post-synthesis    ; GND                                 ; N/A                                                                                      ;
; secondlayer:u_secondLayer|layer_1_in[11][8]            ; pre-synthesis ; connected ; Top                            ; post-synthesis    ; GND                                 ; N/A                                                                                      ;
; secondlayer:u_secondLayer|layer_1_in[11][8]            ; pre-synthesis ; connected ; Top                            ; post-synthesis    ; GND                                 ; N/A                                                                                      ;
; secondlayer:u_secondLayer|layer_1_in[12][0]            ; pre-synthesis ; connected ; Top                            ; post-synthesis    ; GND                                 ; N/A                                                                                      ;
; secondlayer:u_secondLayer|layer_1_in[12][0]            ; pre-synthesis ; connected ; Top                            ; post-synthesis    ; GND                                 ; N/A                                                                                      ;
; secondlayer:u_secondLayer|layer_1_in[12][1]            ; pre-synthesis ; connected ; Top                            ; post-synthesis    ; GND                                 ; N/A                                                                                      ;
; secondlayer:u_secondLayer|layer_1_in[12][1]            ; pre-synthesis ; connected ; Top                            ; post-synthesis    ; GND                                 ; N/A                                                                                      ;
; secondlayer:u_secondLayer|layer_1_in[12][2]            ; pre-synthesis ; connected ; Top                            ; post-synthesis    ; GND                                 ; N/A                                                                                      ;
; secondlayer:u_secondLayer|layer_1_in[12][2]            ; pre-synthesis ; connected ; Top                            ; post-synthesis    ; GND                                 ; N/A                                                                                      ;
; secondlayer:u_secondLayer|layer_1_in[12][3]            ; pre-synthesis ; connected ; Top                            ; post-synthesis    ; GND                                 ; N/A                                                                                      ;
; secondlayer:u_secondLayer|layer_1_in[12][3]            ; pre-synthesis ; connected ; Top                            ; post-synthesis    ; GND                                 ; N/A                                                                                      ;
; secondlayer:u_secondLayer|layer_1_in[12][4]            ; pre-synthesis ; connected ; Top                            ; post-synthesis    ; GND                                 ; N/A                                                                                      ;
; secondlayer:u_secondLayer|layer_1_in[12][4]            ; pre-synthesis ; connected ; Top                            ; post-synthesis    ; GND                                 ; N/A                                                                                      ;
; secondlayer:u_secondLayer|layer_1_in[12][5]            ; pre-synthesis ; connected ; Top                            ; post-synthesis    ; GND                                 ; N/A                                                                                      ;
; secondlayer:u_secondLayer|layer_1_in[12][5]            ; pre-synthesis ; connected ; Top                            ; post-synthesis    ; GND                                 ; N/A                                                                                      ;
; secondlayer:u_secondLayer|layer_1_in[12][6]            ; pre-synthesis ; connected ; Top                            ; post-synthesis    ; GND                                 ; N/A                                                                                      ;
; secondlayer:u_secondLayer|layer_1_in[12][6]            ; pre-synthesis ; connected ; Top                            ; post-synthesis    ; GND                                 ; N/A                                                                                      ;
; secondlayer:u_secondLayer|layer_1_in[12][7]            ; pre-synthesis ; connected ; Top                            ; post-synthesis    ; GND                                 ; N/A                                                                                      ;
; secondlayer:u_secondLayer|layer_1_in[12][7]            ; pre-synthesis ; connected ; Top                            ; post-synthesis    ; GND                                 ; N/A                                                                                      ;
; secondlayer:u_secondLayer|layer_1_in[12][8]            ; pre-synthesis ; connected ; Top                            ; post-synthesis    ; GND                                 ; N/A                                                                                      ;
; secondlayer:u_secondLayer|layer_1_in[12][8]            ; pre-synthesis ; connected ; Top                            ; post-synthesis    ; GND                                 ; N/A                                                                                      ;
; secondlayer:u_secondLayer|layer_1_in[13][0]            ; pre-synthesis ; connected ; Top                            ; post-synthesis    ; GND                                 ; N/A                                                                                      ;
; secondlayer:u_secondLayer|layer_1_in[13][0]            ; pre-synthesis ; connected ; Top                            ; post-synthesis    ; GND                                 ; N/A                                                                                      ;
; secondlayer:u_secondLayer|layer_1_in[13][1]            ; pre-synthesis ; connected ; Top                            ; post-synthesis    ; GND                                 ; N/A                                                                                      ;
; secondlayer:u_secondLayer|layer_1_in[13][1]            ; pre-synthesis ; connected ; Top                            ; post-synthesis    ; GND                                 ; N/A                                                                                      ;
; secondlayer:u_secondLayer|layer_1_in[13][2]            ; pre-synthesis ; connected ; Top                            ; post-synthesis    ; GND                                 ; N/A                                                                                      ;
; secondlayer:u_secondLayer|layer_1_in[13][2]            ; pre-synthesis ; connected ; Top                            ; post-synthesis    ; GND                                 ; N/A                                                                                      ;
; secondlayer:u_secondLayer|layer_1_in[13][3]            ; pre-synthesis ; connected ; Top                            ; post-synthesis    ; GND                                 ; N/A                                                                                      ;
; secondlayer:u_secondLayer|layer_1_in[13][3]            ; pre-synthesis ; connected ; Top                            ; post-synthesis    ; GND                                 ; N/A                                                                                      ;
; secondlayer:u_secondLayer|layer_1_in[13][4]            ; pre-synthesis ; connected ; Top                            ; post-synthesis    ; GND                                 ; N/A                                                                                      ;
; secondlayer:u_secondLayer|layer_1_in[13][4]            ; pre-synthesis ; connected ; Top                            ; post-synthesis    ; GND                                 ; N/A                                                                                      ;
; secondlayer:u_secondLayer|layer_1_in[13][5]            ; pre-synthesis ; connected ; Top                            ; post-synthesis    ; GND                                 ; N/A                                                                                      ;
; secondlayer:u_secondLayer|layer_1_in[13][5]            ; pre-synthesis ; connected ; Top                            ; post-synthesis    ; GND                                 ; N/A                                                                                      ;
; secondlayer:u_secondLayer|layer_1_in[13][6]            ; pre-synthesis ; connected ; Top                            ; post-synthesis    ; GND                                 ; N/A                                                                                      ;
; secondlayer:u_secondLayer|layer_1_in[13][6]            ; pre-synthesis ; connected ; Top                            ; post-synthesis    ; GND                                 ; N/A                                                                                      ;
; secondlayer:u_secondLayer|layer_1_in[13][7]            ; pre-synthesis ; connected ; Top                            ; post-synthesis    ; GND                                 ; N/A                                                                                      ;
; secondlayer:u_secondLayer|layer_1_in[13][7]            ; pre-synthesis ; connected ; Top                            ; post-synthesis    ; GND                                 ; N/A                                                                                      ;
; secondlayer:u_secondLayer|layer_1_in[13][8]            ; pre-synthesis ; connected ; Top                            ; post-synthesis    ; GND                                 ; N/A                                                                                      ;
; secondlayer:u_secondLayer|layer_1_in[13][8]            ; pre-synthesis ; connected ; Top                            ; post-synthesis    ; GND                                 ; N/A                                                                                      ;
; secondlayer:u_secondLayer|layer_1_in[14][0]            ; pre-synthesis ; connected ; Top                            ; post-synthesis    ; GND                                 ; N/A                                                                                      ;
; secondlayer:u_secondLayer|layer_1_in[14][0]            ; pre-synthesis ; connected ; Top                            ; post-synthesis    ; GND                                 ; N/A                                                                                      ;
; secondlayer:u_secondLayer|layer_1_in[14][1]            ; pre-synthesis ; connected ; Top                            ; post-synthesis    ; GND                                 ; N/A                                                                                      ;
; secondlayer:u_secondLayer|layer_1_in[14][1]            ; pre-synthesis ; connected ; Top                            ; post-synthesis    ; GND                                 ; N/A                                                                                      ;
; secondlayer:u_secondLayer|layer_1_in[14][2]            ; pre-synthesis ; connected ; Top                            ; post-synthesis    ; GND                                 ; N/A                                                                                      ;
; secondlayer:u_secondLayer|layer_1_in[14][2]            ; pre-synthesis ; connected ; Top                            ; post-synthesis    ; GND                                 ; N/A                                                                                      ;
; secondlayer:u_secondLayer|layer_1_in[14][3]            ; pre-synthesis ; connected ; Top                            ; post-synthesis    ; GND                                 ; N/A                                                                                      ;
; secondlayer:u_secondLayer|layer_1_in[14][3]            ; pre-synthesis ; connected ; Top                            ; post-synthesis    ; GND                                 ; N/A                                                                                      ;
; secondlayer:u_secondLayer|layer_1_in[14][4]            ; pre-synthesis ; connected ; Top                            ; post-synthesis    ; GND                                 ; N/A                                                                                      ;
; secondlayer:u_secondLayer|layer_1_in[14][4]            ; pre-synthesis ; connected ; Top                            ; post-synthesis    ; GND                                 ; N/A                                                                                      ;
; secondlayer:u_secondLayer|layer_1_in[14][5]            ; pre-synthesis ; connected ; Top                            ; post-synthesis    ; GND                                 ; N/A                                                                                      ;
; secondlayer:u_secondLayer|layer_1_in[14][5]            ; pre-synthesis ; connected ; Top                            ; post-synthesis    ; GND                                 ; N/A                                                                                      ;
; secondlayer:u_secondLayer|layer_1_in[14][6]            ; pre-synthesis ; connected ; Top                            ; post-synthesis    ; GND                                 ; N/A                                                                                      ;
; secondlayer:u_secondLayer|layer_1_in[14][6]            ; pre-synthesis ; connected ; Top                            ; post-synthesis    ; GND                                 ; N/A                                                                                      ;
; secondlayer:u_secondLayer|layer_1_in[14][7]            ; pre-synthesis ; connected ; Top                            ; post-synthesis    ; GND                                 ; N/A                                                                                      ;
; secondlayer:u_secondLayer|layer_1_in[14][7]            ; pre-synthesis ; connected ; Top                            ; post-synthesis    ; GND                                 ; N/A                                                                                      ;
; secondlayer:u_secondLayer|layer_1_in[14][8]            ; pre-synthesis ; connected ; Top                            ; post-synthesis    ; GND                                 ; N/A                                                                                      ;
; secondlayer:u_secondLayer|layer_1_in[14][8]            ; pre-synthesis ; connected ; Top                            ; post-synthesis    ; GND                                 ; N/A                                                                                      ;
; secondlayer:u_secondLayer|layer_1_in[15][0]            ; pre-synthesis ; connected ; Top                            ; post-synthesis    ; GND                                 ; N/A                                                                                      ;
; secondlayer:u_secondLayer|layer_1_in[15][0]            ; pre-synthesis ; connected ; Top                            ; post-synthesis    ; GND                                 ; N/A                                                                                      ;
; secondlayer:u_secondLayer|layer_1_in[15][1]            ; pre-synthesis ; connected ; Top                            ; post-synthesis    ; GND                                 ; N/A                                                                                      ;
; secondlayer:u_secondLayer|layer_1_in[15][1]            ; pre-synthesis ; connected ; Top                            ; post-synthesis    ; GND                                 ; N/A                                                                                      ;
; secondlayer:u_secondLayer|layer_1_in[15][2]            ; pre-synthesis ; connected ; Top                            ; post-synthesis    ; GND                                 ; N/A                                                                                      ;
; secondlayer:u_secondLayer|layer_1_in[15][2]            ; pre-synthesis ; connected ; Top                            ; post-synthesis    ; GND                                 ; N/A                                                                                      ;
; secondlayer:u_secondLayer|layer_1_in[15][3]            ; pre-synthesis ; connected ; Top                            ; post-synthesis    ; GND                                 ; N/A                                                                                      ;
; secondlayer:u_secondLayer|layer_1_in[15][3]            ; pre-synthesis ; connected ; Top                            ; post-synthesis    ; GND                                 ; N/A                                                                                      ;
; secondlayer:u_secondLayer|layer_1_in[15][4]            ; pre-synthesis ; connected ; Top                            ; post-synthesis    ; GND                                 ; N/A                                                                                      ;
; secondlayer:u_secondLayer|layer_1_in[15][4]            ; pre-synthesis ; connected ; Top                            ; post-synthesis    ; GND                                 ; N/A                                                                                      ;
; secondlayer:u_secondLayer|layer_1_in[15][5]            ; pre-synthesis ; connected ; Top                            ; post-synthesis    ; GND                                 ; N/A                                                                                      ;
; secondlayer:u_secondLayer|layer_1_in[15][5]            ; pre-synthesis ; connected ; Top                            ; post-synthesis    ; GND                                 ; N/A                                                                                      ;
; secondlayer:u_secondLayer|layer_1_in[15][6]            ; pre-synthesis ; connected ; Top                            ; post-synthesis    ; GND                                 ; N/A                                                                                      ;
; secondlayer:u_secondLayer|layer_1_in[15][6]            ; pre-synthesis ; connected ; Top                            ; post-synthesis    ; GND                                 ; N/A                                                                                      ;
; secondlayer:u_secondLayer|layer_1_in[15][7]            ; pre-synthesis ; connected ; Top                            ; post-synthesis    ; GND                                 ; N/A                                                                                      ;
; secondlayer:u_secondLayer|layer_1_in[15][7]            ; pre-synthesis ; connected ; Top                            ; post-synthesis    ; GND                                 ; N/A                                                                                      ;
; secondlayer:u_secondLayer|layer_1_in[15][8]            ; pre-synthesis ; connected ; Top                            ; post-synthesis    ; GND                                 ; N/A                                                                                      ;
; secondlayer:u_secondLayer|layer_1_in[15][8]            ; pre-synthesis ; connected ; Top                            ; post-synthesis    ; GND                                 ; N/A                                                                                      ;
; secondlayer:u_secondLayer|layer_1_in[16][0]            ; pre-synthesis ; connected ; Top                            ; post-synthesis    ; GND                                 ; N/A                                                                                      ;
; secondlayer:u_secondLayer|layer_1_in[16][0]            ; pre-synthesis ; connected ; Top                            ; post-synthesis    ; GND                                 ; N/A                                                                                      ;
; secondlayer:u_secondLayer|layer_1_in[16][1]            ; pre-synthesis ; connected ; Top                            ; post-synthesis    ; GND                                 ; N/A                                                                                      ;
; secondlayer:u_secondLayer|layer_1_in[16][1]            ; pre-synthesis ; connected ; Top                            ; post-synthesis    ; GND                                 ; N/A                                                                                      ;
; secondlayer:u_secondLayer|layer_1_in[16][2]            ; pre-synthesis ; connected ; Top                            ; post-synthesis    ; GND                                 ; N/A                                                                                      ;
; secondlayer:u_secondLayer|layer_1_in[16][2]            ; pre-synthesis ; connected ; Top                            ; post-synthesis    ; GND                                 ; N/A                                                                                      ;
; secondlayer:u_secondLayer|layer_1_in[16][3]            ; pre-synthesis ; connected ; Top                            ; post-synthesis    ; GND                                 ; N/A                                                                                      ;
; secondlayer:u_secondLayer|layer_1_in[16][3]            ; pre-synthesis ; connected ; Top                            ; post-synthesis    ; GND                                 ; N/A                                                                                      ;
; secondlayer:u_secondLayer|layer_1_in[16][4]            ; pre-synthesis ; connected ; Top                            ; post-synthesis    ; GND                                 ; N/A                                                                                      ;
; secondlayer:u_secondLayer|layer_1_in[16][4]            ; pre-synthesis ; connected ; Top                            ; post-synthesis    ; GND                                 ; N/A                                                                                      ;
; secondlayer:u_secondLayer|layer_1_in[16][5]            ; pre-synthesis ; connected ; Top                            ; post-synthesis    ; GND                                 ; N/A                                                                                      ;
; secondlayer:u_secondLayer|layer_1_in[16][5]            ; pre-synthesis ; connected ; Top                            ; post-synthesis    ; GND                                 ; N/A                                                                                      ;
; secondlayer:u_secondLayer|layer_1_in[16][6]            ; pre-synthesis ; connected ; Top                            ; post-synthesis    ; GND                                 ; N/A                                                                                      ;
; secondlayer:u_secondLayer|layer_1_in[16][6]            ; pre-synthesis ; connected ; Top                            ; post-synthesis    ; GND                                 ; N/A                                                                                      ;
; secondlayer:u_secondLayer|layer_1_in[16][7]            ; pre-synthesis ; connected ; Top                            ; post-synthesis    ; GND                                 ; N/A                                                                                      ;
; secondlayer:u_secondLayer|layer_1_in[16][7]            ; pre-synthesis ; connected ; Top                            ; post-synthesis    ; GND                                 ; N/A                                                                                      ;
; secondlayer:u_secondLayer|layer_1_in[16][8]            ; pre-synthesis ; connected ; Top                            ; post-synthesis    ; GND                                 ; N/A                                                                                      ;
; secondlayer:u_secondLayer|layer_1_in[16][8]            ; pre-synthesis ; connected ; Top                            ; post-synthesis    ; GND                                 ; N/A                                                                                      ;
; secondlayer:u_secondLayer|layer_1_in[17][0]            ; pre-synthesis ; connected ; Top                            ; post-synthesis    ; GND                                 ; N/A                                                                                      ;
; secondlayer:u_secondLayer|layer_1_in[17][0]            ; pre-synthesis ; connected ; Top                            ; post-synthesis    ; GND                                 ; N/A                                                                                      ;
; secondlayer:u_secondLayer|layer_1_in[17][1]            ; pre-synthesis ; connected ; Top                            ; post-synthesis    ; GND                                 ; N/A                                                                                      ;
; secondlayer:u_secondLayer|layer_1_in[17][1]            ; pre-synthesis ; connected ; Top                            ; post-synthesis    ; GND                                 ; N/A                                                                                      ;
; secondlayer:u_secondLayer|layer_1_in[17][2]            ; pre-synthesis ; connected ; Top                            ; post-synthesis    ; GND                                 ; N/A                                                                                      ;
; secondlayer:u_secondLayer|layer_1_in[17][2]            ; pre-synthesis ; connected ; Top                            ; post-synthesis    ; GND                                 ; N/A                                                                                      ;
; secondlayer:u_secondLayer|layer_1_in[17][3]            ; pre-synthesis ; connected ; Top                            ; post-synthesis    ; GND                                 ; N/A                                                                                      ;
; secondlayer:u_secondLayer|layer_1_in[17][3]            ; pre-synthesis ; connected ; Top                            ; post-synthesis    ; GND                                 ; N/A                                                                                      ;
; secondlayer:u_secondLayer|layer_1_in[17][4]            ; pre-synthesis ; connected ; Top                            ; post-synthesis    ; GND                                 ; N/A                                                                                      ;
; secondlayer:u_secondLayer|layer_1_in[17][4]            ; pre-synthesis ; connected ; Top                            ; post-synthesis    ; GND                                 ; N/A                                                                                      ;
; secondlayer:u_secondLayer|layer_1_in[17][5]            ; pre-synthesis ; connected ; Top                            ; post-synthesis    ; GND                                 ; N/A                                                                                      ;
; secondlayer:u_secondLayer|layer_1_in[17][5]            ; pre-synthesis ; connected ; Top                            ; post-synthesis    ; GND                                 ; N/A                                                                                      ;
; secondlayer:u_secondLayer|layer_1_in[17][6]            ; pre-synthesis ; connected ; Top                            ; post-synthesis    ; GND                                 ; N/A                                                                                      ;
; secondlayer:u_secondLayer|layer_1_in[17][6]            ; pre-synthesis ; connected ; Top                            ; post-synthesis    ; GND                                 ; N/A                                                                                      ;
; secondlayer:u_secondLayer|layer_1_in[17][7]            ; pre-synthesis ; connected ; Top                            ; post-synthesis    ; GND                                 ; N/A                                                                                      ;
; secondlayer:u_secondLayer|layer_1_in[17][7]            ; pre-synthesis ; connected ; Top                            ; post-synthesis    ; GND                                 ; N/A                                                                                      ;
; secondlayer:u_secondLayer|layer_1_in[17][8]            ; pre-synthesis ; connected ; Top                            ; post-synthesis    ; GND                                 ; N/A                                                                                      ;
; secondlayer:u_secondLayer|layer_1_in[17][8]            ; pre-synthesis ; connected ; Top                            ; post-synthesis    ; GND                                 ; N/A                                                                                      ;
; secondlayer:u_secondLayer|layer_1_in[18][0]            ; pre-synthesis ; connected ; Top                            ; post-synthesis    ; GND                                 ; N/A                                                                                      ;
; secondlayer:u_secondLayer|layer_1_in[18][0]            ; pre-synthesis ; connected ; Top                            ; post-synthesis    ; GND                                 ; N/A                                                                                      ;
; secondlayer:u_secondLayer|layer_1_in[18][1]            ; pre-synthesis ; connected ; Top                            ; post-synthesis    ; GND                                 ; N/A                                                                                      ;
; secondlayer:u_secondLayer|layer_1_in[18][1]            ; pre-synthesis ; connected ; Top                            ; post-synthesis    ; GND                                 ; N/A                                                                                      ;
; secondlayer:u_secondLayer|layer_1_in[18][2]            ; pre-synthesis ; connected ; Top                            ; post-synthesis    ; GND                                 ; N/A                                                                                      ;
; secondlayer:u_secondLayer|layer_1_in[18][2]            ; pre-synthesis ; connected ; Top                            ; post-synthesis    ; GND                                 ; N/A                                                                                      ;
; secondlayer:u_secondLayer|layer_1_in[18][3]            ; pre-synthesis ; connected ; Top                            ; post-synthesis    ; GND                                 ; N/A                                                                                      ;
; secondlayer:u_secondLayer|layer_1_in[18][3]            ; pre-synthesis ; connected ; Top                            ; post-synthesis    ; GND                                 ; N/A                                                                                      ;
; secondlayer:u_secondLayer|layer_1_in[18][4]            ; pre-synthesis ; connected ; Top                            ; post-synthesis    ; GND                                 ; N/A                                                                                      ;
; secondlayer:u_secondLayer|layer_1_in[18][4]            ; pre-synthesis ; connected ; Top                            ; post-synthesis    ; GND                                 ; N/A                                                                                      ;
; secondlayer:u_secondLayer|layer_1_in[18][5]            ; pre-synthesis ; connected ; Top                            ; post-synthesis    ; GND                                 ; N/A                                                                                      ;
; secondlayer:u_secondLayer|layer_1_in[18][5]            ; pre-synthesis ; connected ; Top                            ; post-synthesis    ; GND                                 ; N/A                                                                                      ;
; secondlayer:u_secondLayer|layer_1_in[18][6]            ; pre-synthesis ; connected ; Top                            ; post-synthesis    ; GND                                 ; N/A                                                                                      ;
; secondlayer:u_secondLayer|layer_1_in[18][6]            ; pre-synthesis ; connected ; Top                            ; post-synthesis    ; GND                                 ; N/A                                                                                      ;
; secondlayer:u_secondLayer|layer_1_in[18][7]            ; pre-synthesis ; connected ; Top                            ; post-synthesis    ; GND                                 ; N/A                                                                                      ;
; secondlayer:u_secondLayer|layer_1_in[18][7]            ; pre-synthesis ; connected ; Top                            ; post-synthesis    ; GND                                 ; N/A                                                                                      ;
; secondlayer:u_secondLayer|layer_1_in[18][8]            ; pre-synthesis ; connected ; Top                            ; post-synthesis    ; GND                                 ; N/A                                                                                      ;
; secondlayer:u_secondLayer|layer_1_in[18][8]            ; pre-synthesis ; connected ; Top                            ; post-synthesis    ; GND                                 ; N/A                                                                                      ;
; secondlayer:u_secondLayer|layer_1_in[19][0]            ; pre-synthesis ; connected ; Top                            ; post-synthesis    ; GND                                 ; N/A                                                                                      ;
; secondlayer:u_secondLayer|layer_1_in[19][0]            ; pre-synthesis ; connected ; Top                            ; post-synthesis    ; GND                                 ; N/A                                                                                      ;
; secondlayer:u_secondLayer|layer_1_in[19][1]            ; pre-synthesis ; connected ; Top                            ; post-synthesis    ; GND                                 ; N/A                                                                                      ;
; secondlayer:u_secondLayer|layer_1_in[19][1]            ; pre-synthesis ; connected ; Top                            ; post-synthesis    ; GND                                 ; N/A                                                                                      ;
; secondlayer:u_secondLayer|layer_1_in[19][2]            ; pre-synthesis ; connected ; Top                            ; post-synthesis    ; GND                                 ; N/A                                                                                      ;
; secondlayer:u_secondLayer|layer_1_in[19][2]            ; pre-synthesis ; connected ; Top                            ; post-synthesis    ; GND                                 ; N/A                                                                                      ;
; secondlayer:u_secondLayer|layer_1_in[19][3]            ; pre-synthesis ; connected ; Top                            ; post-synthesis    ; GND                                 ; N/A                                                                                      ;
; secondlayer:u_secondLayer|layer_1_in[19][3]            ; pre-synthesis ; connected ; Top                            ; post-synthesis    ; GND                                 ; N/A                                                                                      ;
; secondlayer:u_secondLayer|layer_1_in[19][4]            ; pre-synthesis ; connected ; Top                            ; post-synthesis    ; GND                                 ; N/A                                                                                      ;
; secondlayer:u_secondLayer|layer_1_in[19][4]            ; pre-synthesis ; connected ; Top                            ; post-synthesis    ; GND                                 ; N/A                                                                                      ;
; secondlayer:u_secondLayer|layer_1_in[19][5]            ; pre-synthesis ; connected ; Top                            ; post-synthesis    ; GND                                 ; N/A                                                                                      ;
; secondlayer:u_secondLayer|layer_1_in[19][5]            ; pre-synthesis ; connected ; Top                            ; post-synthesis    ; GND                                 ; N/A                                                                                      ;
; secondlayer:u_secondLayer|layer_1_in[19][6]            ; pre-synthesis ; connected ; Top                            ; post-synthesis    ; GND                                 ; N/A                                                                                      ;
; secondlayer:u_secondLayer|layer_1_in[19][6]            ; pre-synthesis ; connected ; Top                            ; post-synthesis    ; GND                                 ; N/A                                                                                      ;
; secondlayer:u_secondLayer|layer_1_in[19][7]            ; pre-synthesis ; connected ; Top                            ; post-synthesis    ; GND                                 ; N/A                                                                                      ;
; secondlayer:u_secondLayer|layer_1_in[19][7]            ; pre-synthesis ; connected ; Top                            ; post-synthesis    ; GND                                 ; N/A                                                                                      ;
; secondlayer:u_secondLayer|layer_1_in[19][8]            ; pre-synthesis ; connected ; Top                            ; post-synthesis    ; GND                                 ; N/A                                                                                      ;
; secondlayer:u_secondLayer|layer_1_in[19][8]            ; pre-synthesis ; connected ; Top                            ; post-synthesis    ; GND                                 ; N/A                                                                                      ;
; secondlayer:u_secondLayer|layer_1_in[1][0]             ; pre-synthesis ; connected ; Top                            ; post-synthesis    ; GND                                 ; N/A                                                                                      ;
; secondlayer:u_secondLayer|layer_1_in[1][0]             ; pre-synthesis ; connected ; Top                            ; post-synthesis    ; GND                                 ; N/A                                                                                      ;
; secondlayer:u_secondLayer|layer_1_in[1][1]             ; pre-synthesis ; connected ; Top                            ; post-synthesis    ; GND                                 ; N/A                                                                                      ;
; secondlayer:u_secondLayer|layer_1_in[1][1]             ; pre-synthesis ; connected ; Top                            ; post-synthesis    ; GND                                 ; N/A                                                                                      ;
; secondlayer:u_secondLayer|layer_1_in[1][2]             ; pre-synthesis ; connected ; Top                            ; post-synthesis    ; GND                                 ; N/A                                                                                      ;
; secondlayer:u_secondLayer|layer_1_in[1][2]             ; pre-synthesis ; connected ; Top                            ; post-synthesis    ; GND                                 ; N/A                                                                                      ;
; secondlayer:u_secondLayer|layer_1_in[1][3]             ; pre-synthesis ; connected ; Top                            ; post-synthesis    ; GND                                 ; N/A                                                                                      ;
; secondlayer:u_secondLayer|layer_1_in[1][3]             ; pre-synthesis ; connected ; Top                            ; post-synthesis    ; GND                                 ; N/A                                                                                      ;
; secondlayer:u_secondLayer|layer_1_in[1][4]             ; pre-synthesis ; connected ; Top                            ; post-synthesis    ; GND                                 ; N/A                                                                                      ;
; secondlayer:u_secondLayer|layer_1_in[1][4]             ; pre-synthesis ; connected ; Top                            ; post-synthesis    ; GND                                 ; N/A                                                                                      ;
; secondlayer:u_secondLayer|layer_1_in[1][5]             ; pre-synthesis ; connected ; Top                            ; post-synthesis    ; GND                                 ; N/A                                                                                      ;
; secondlayer:u_secondLayer|layer_1_in[1][5]             ; pre-synthesis ; connected ; Top                            ; post-synthesis    ; GND                                 ; N/A                                                                                      ;
; secondlayer:u_secondLayer|layer_1_in[1][6]             ; pre-synthesis ; connected ; Top                            ; post-synthesis    ; GND                                 ; N/A                                                                                      ;
; secondlayer:u_secondLayer|layer_1_in[1][6]             ; pre-synthesis ; connected ; Top                            ; post-synthesis    ; GND                                 ; N/A                                                                                      ;
; secondlayer:u_secondLayer|layer_1_in[1][7]             ; pre-synthesis ; connected ; Top                            ; post-synthesis    ; GND                                 ; N/A                                                                                      ;
; secondlayer:u_secondLayer|layer_1_in[1][7]             ; pre-synthesis ; connected ; Top                            ; post-synthesis    ; GND                                 ; N/A                                                                                      ;
; secondlayer:u_secondLayer|layer_1_in[1][8]             ; pre-synthesis ; connected ; Top                            ; post-synthesis    ; GND                                 ; N/A                                                                                      ;
; secondlayer:u_secondLayer|layer_1_in[1][8]             ; pre-synthesis ; connected ; Top                            ; post-synthesis    ; GND                                 ; N/A                                                                                      ;
; secondlayer:u_secondLayer|layer_1_in[20][0]            ; pre-synthesis ; connected ; Top                            ; post-synthesis    ; GND                                 ; N/A                                                                                      ;
; secondlayer:u_secondLayer|layer_1_in[20][0]            ; pre-synthesis ; connected ; Top                            ; post-synthesis    ; GND                                 ; N/A                                                                                      ;
; secondlayer:u_secondLayer|layer_1_in[20][1]            ; pre-synthesis ; connected ; Top                            ; post-synthesis    ; GND                                 ; N/A                                                                                      ;
; secondlayer:u_secondLayer|layer_1_in[20][1]            ; pre-synthesis ; connected ; Top                            ; post-synthesis    ; GND                                 ; N/A                                                                                      ;
; secondlayer:u_secondLayer|layer_1_in[20][2]            ; pre-synthesis ; connected ; Top                            ; post-synthesis    ; GND                                 ; N/A                                                                                      ;
; secondlayer:u_secondLayer|layer_1_in[20][2]            ; pre-synthesis ; connected ; Top                            ; post-synthesis    ; GND                                 ; N/A                                                                                      ;
; secondlayer:u_secondLayer|layer_1_in[20][3]            ; pre-synthesis ; connected ; Top                            ; post-synthesis    ; GND                                 ; N/A                                                                                      ;
; secondlayer:u_secondLayer|layer_1_in[20][3]            ; pre-synthesis ; connected ; Top                            ; post-synthesis    ; GND                                 ; N/A                                                                                      ;
; secondlayer:u_secondLayer|layer_1_in[20][4]            ; pre-synthesis ; connected ; Top                            ; post-synthesis    ; GND                                 ; N/A                                                                                      ;
; secondlayer:u_secondLayer|layer_1_in[20][4]            ; pre-synthesis ; connected ; Top                            ; post-synthesis    ; GND                                 ; N/A                                                                                      ;
; secondlayer:u_secondLayer|layer_1_in[20][5]            ; pre-synthesis ; connected ; Top                            ; post-synthesis    ; GND                                 ; N/A                                                                                      ;
; secondlayer:u_secondLayer|layer_1_in[20][5]            ; pre-synthesis ; connected ; Top                            ; post-synthesis    ; GND                                 ; N/A                                                                                      ;
; secondlayer:u_secondLayer|layer_1_in[20][6]            ; pre-synthesis ; connected ; Top                            ; post-synthesis    ; GND                                 ; N/A                                                                                      ;
; secondlayer:u_secondLayer|layer_1_in[20][6]            ; pre-synthesis ; connected ; Top                            ; post-synthesis    ; GND                                 ; N/A                                                                                      ;
; secondlayer:u_secondLayer|layer_1_in[20][7]            ; pre-synthesis ; connected ; Top                            ; post-synthesis    ; GND                                 ; N/A                                                                                      ;
; secondlayer:u_secondLayer|layer_1_in[20][7]            ; pre-synthesis ; connected ; Top                            ; post-synthesis    ; GND                                 ; N/A                                                                                      ;
; secondlayer:u_secondLayer|layer_1_in[20][8]            ; pre-synthesis ; connected ; Top                            ; post-synthesis    ; GND                                 ; N/A                                                                                      ;
; secondlayer:u_secondLayer|layer_1_in[20][8]            ; pre-synthesis ; connected ; Top                            ; post-synthesis    ; GND                                 ; N/A                                                                                      ;
; secondlayer:u_secondLayer|layer_1_in[21][0]            ; pre-synthesis ; connected ; Top                            ; post-synthesis    ; GND                                 ; N/A                                                                                      ;
; secondlayer:u_secondLayer|layer_1_in[21][0]            ; pre-synthesis ; connected ; Top                            ; post-synthesis    ; GND                                 ; N/A                                                                                      ;
; secondlayer:u_secondLayer|layer_1_in[21][1]            ; pre-synthesis ; connected ; Top                            ; post-synthesis    ; GND                                 ; N/A                                                                                      ;
; secondlayer:u_secondLayer|layer_1_in[21][1]            ; pre-synthesis ; connected ; Top                            ; post-synthesis    ; GND                                 ; N/A                                                                                      ;
; secondlayer:u_secondLayer|layer_1_in[21][2]            ; pre-synthesis ; connected ; Top                            ; post-synthesis    ; GND                                 ; N/A                                                                                      ;
; secondlayer:u_secondLayer|layer_1_in[21][2]            ; pre-synthesis ; connected ; Top                            ; post-synthesis    ; GND                                 ; N/A                                                                                      ;
; secondlayer:u_secondLayer|layer_1_in[21][3]            ; pre-synthesis ; connected ; Top                            ; post-synthesis    ; GND                                 ; N/A                                                                                      ;
; secondlayer:u_secondLayer|layer_1_in[21][3]            ; pre-synthesis ; connected ; Top                            ; post-synthesis    ; GND                                 ; N/A                                                                                      ;
; secondlayer:u_secondLayer|layer_1_in[21][4]            ; pre-synthesis ; connected ; Top                            ; post-synthesis    ; GND                                 ; N/A                                                                                      ;
; secondlayer:u_secondLayer|layer_1_in[21][4]            ; pre-synthesis ; connected ; Top                            ; post-synthesis    ; GND                                 ; N/A                                                                                      ;
; secondlayer:u_secondLayer|layer_1_in[21][5]            ; pre-synthesis ; connected ; Top                            ; post-synthesis    ; GND                                 ; N/A                                                                                      ;
; secondlayer:u_secondLayer|layer_1_in[21][5]            ; pre-synthesis ; connected ; Top                            ; post-synthesis    ; GND                                 ; N/A                                                                                      ;
; secondlayer:u_secondLayer|layer_1_in[21][6]            ; pre-synthesis ; connected ; Top                            ; post-synthesis    ; GND                                 ; N/A                                                                                      ;
; secondlayer:u_secondLayer|layer_1_in[21][6]            ; pre-synthesis ; connected ; Top                            ; post-synthesis    ; GND                                 ; N/A                                                                                      ;
; secondlayer:u_secondLayer|layer_1_in[21][7]            ; pre-synthesis ; connected ; Top                            ; post-synthesis    ; GND                                 ; N/A                                                                                      ;
; secondlayer:u_secondLayer|layer_1_in[21][7]            ; pre-synthesis ; connected ; Top                            ; post-synthesis    ; GND                                 ; N/A                                                                                      ;
; secondlayer:u_secondLayer|layer_1_in[21][8]            ; pre-synthesis ; connected ; Top                            ; post-synthesis    ; GND                                 ; N/A                                                                                      ;
; secondlayer:u_secondLayer|layer_1_in[21][8]            ; pre-synthesis ; connected ; Top                            ; post-synthesis    ; GND                                 ; N/A                                                                                      ;
; secondlayer:u_secondLayer|layer_1_in[22][0]            ; pre-synthesis ; connected ; Top                            ; post-synthesis    ; GND                                 ; N/A                                                                                      ;
; secondlayer:u_secondLayer|layer_1_in[22][0]            ; pre-synthesis ; connected ; Top                            ; post-synthesis    ; GND                                 ; N/A                                                                                      ;
; secondlayer:u_secondLayer|layer_1_in[22][1]            ; pre-synthesis ; connected ; Top                            ; post-synthesis    ; GND                                 ; N/A                                                                                      ;
; secondlayer:u_secondLayer|layer_1_in[22][1]            ; pre-synthesis ; connected ; Top                            ; post-synthesis    ; GND                                 ; N/A                                                                                      ;
; secondlayer:u_secondLayer|layer_1_in[22][2]            ; pre-synthesis ; connected ; Top                            ; post-synthesis    ; GND                                 ; N/A                                                                                      ;
; secondlayer:u_secondLayer|layer_1_in[22][2]            ; pre-synthesis ; connected ; Top                            ; post-synthesis    ; GND                                 ; N/A                                                                                      ;
; secondlayer:u_secondLayer|layer_1_in[22][3]            ; pre-synthesis ; connected ; Top                            ; post-synthesis    ; GND                                 ; N/A                                                                                      ;
; secondlayer:u_secondLayer|layer_1_in[22][3]            ; pre-synthesis ; connected ; Top                            ; post-synthesis    ; GND                                 ; N/A                                                                                      ;
; secondlayer:u_secondLayer|layer_1_in[22][4]            ; pre-synthesis ; connected ; Top                            ; post-synthesis    ; GND                                 ; N/A                                                                                      ;
; secondlayer:u_secondLayer|layer_1_in[22][4]            ; pre-synthesis ; connected ; Top                            ; post-synthesis    ; GND                                 ; N/A                                                                                      ;
; secondlayer:u_secondLayer|layer_1_in[22][5]            ; pre-synthesis ; connected ; Top                            ; post-synthesis    ; GND                                 ; N/A                                                                                      ;
; secondlayer:u_secondLayer|layer_1_in[22][5]            ; pre-synthesis ; connected ; Top                            ; post-synthesis    ; GND                                 ; N/A                                                                                      ;
; secondlayer:u_secondLayer|layer_1_in[22][6]            ; pre-synthesis ; connected ; Top                            ; post-synthesis    ; GND                                 ; N/A                                                                                      ;
; secondlayer:u_secondLayer|layer_1_in[22][6]            ; pre-synthesis ; connected ; Top                            ; post-synthesis    ; GND                                 ; N/A                                                                                      ;
; secondlayer:u_secondLayer|layer_1_in[22][7]            ; pre-synthesis ; connected ; Top                            ; post-synthesis    ; GND                                 ; N/A                                                                                      ;
; secondlayer:u_secondLayer|layer_1_in[22][7]            ; pre-synthesis ; connected ; Top                            ; post-synthesis    ; GND                                 ; N/A                                                                                      ;
; secondlayer:u_secondLayer|layer_1_in[22][8]            ; pre-synthesis ; connected ; Top                            ; post-synthesis    ; GND                                 ; N/A                                                                                      ;
; secondlayer:u_secondLayer|layer_1_in[22][8]            ; pre-synthesis ; connected ; Top                            ; post-synthesis    ; GND                                 ; N/A                                                                                      ;
; secondlayer:u_secondLayer|layer_1_in[23][0]            ; pre-synthesis ; connected ; Top                            ; post-synthesis    ; GND                                 ; N/A                                                                                      ;
; secondlayer:u_secondLayer|layer_1_in[23][0]            ; pre-synthesis ; connected ; Top                            ; post-synthesis    ; GND                                 ; N/A                                                                                      ;
; secondlayer:u_secondLayer|layer_1_in[23][1]            ; pre-synthesis ; connected ; Top                            ; post-synthesis    ; GND                                 ; N/A                                                                                      ;
; secondlayer:u_secondLayer|layer_1_in[23][1]            ; pre-synthesis ; connected ; Top                            ; post-synthesis    ; GND                                 ; N/A                                                                                      ;
; secondlayer:u_secondLayer|layer_1_in[23][2]            ; pre-synthesis ; connected ; Top                            ; post-synthesis    ; GND                                 ; N/A                                                                                      ;
; secondlayer:u_secondLayer|layer_1_in[23][2]            ; pre-synthesis ; connected ; Top                            ; post-synthesis    ; GND                                 ; N/A                                                                                      ;
; secondlayer:u_secondLayer|layer_1_in[23][3]            ; pre-synthesis ; connected ; Top                            ; post-synthesis    ; GND                                 ; N/A                                                                                      ;
; secondlayer:u_secondLayer|layer_1_in[23][3]            ; pre-synthesis ; connected ; Top                            ; post-synthesis    ; GND                                 ; N/A                                                                                      ;
; secondlayer:u_secondLayer|layer_1_in[23][4]            ; pre-synthesis ; connected ; Top                            ; post-synthesis    ; GND                                 ; N/A                                                                                      ;
; secondlayer:u_secondLayer|layer_1_in[23][4]            ; pre-synthesis ; connected ; Top                            ; post-synthesis    ; GND                                 ; N/A                                                                                      ;
; secondlayer:u_secondLayer|layer_1_in[23][5]            ; pre-synthesis ; connected ; Top                            ; post-synthesis    ; GND                                 ; N/A                                                                                      ;
; secondlayer:u_secondLayer|layer_1_in[23][5]            ; pre-synthesis ; connected ; Top                            ; post-synthesis    ; GND                                 ; N/A                                                                                      ;
; secondlayer:u_secondLayer|layer_1_in[23][6]            ; pre-synthesis ; connected ; Top                            ; post-synthesis    ; GND                                 ; N/A                                                                                      ;
; secondlayer:u_secondLayer|layer_1_in[23][6]            ; pre-synthesis ; connected ; Top                            ; post-synthesis    ; GND                                 ; N/A                                                                                      ;
; secondlayer:u_secondLayer|layer_1_in[23][7]            ; pre-synthesis ; connected ; Top                            ; post-synthesis    ; GND                                 ; N/A                                                                                      ;
; secondlayer:u_secondLayer|layer_1_in[23][7]            ; pre-synthesis ; connected ; Top                            ; post-synthesis    ; GND                                 ; N/A                                                                                      ;
; secondlayer:u_secondLayer|layer_1_in[23][8]            ; pre-synthesis ; connected ; Top                            ; post-synthesis    ; GND                                 ; N/A                                                                                      ;
; secondlayer:u_secondLayer|layer_1_in[23][8]            ; pre-synthesis ; connected ; Top                            ; post-synthesis    ; GND                                 ; N/A                                                                                      ;
; secondlayer:u_secondLayer|layer_1_in[24][0]            ; pre-synthesis ; connected ; Top                            ; post-synthesis    ; GND                                 ; N/A                                                                                      ;
; secondlayer:u_secondLayer|layer_1_in[24][0]            ; pre-synthesis ; connected ; Top                            ; post-synthesis    ; GND                                 ; N/A                                                                                      ;
; secondlayer:u_secondLayer|layer_1_in[24][1]            ; pre-synthesis ; connected ; Top                            ; post-synthesis    ; GND                                 ; N/A                                                                                      ;
; secondlayer:u_secondLayer|layer_1_in[24][1]            ; pre-synthesis ; connected ; Top                            ; post-synthesis    ; GND                                 ; N/A                                                                                      ;
; secondlayer:u_secondLayer|layer_1_in[24][2]            ; pre-synthesis ; connected ; Top                            ; post-synthesis    ; GND                                 ; N/A                                                                                      ;
; secondlayer:u_secondLayer|layer_1_in[24][2]            ; pre-synthesis ; connected ; Top                            ; post-synthesis    ; GND                                 ; N/A                                                                                      ;
; secondlayer:u_secondLayer|layer_1_in[24][3]            ; pre-synthesis ; connected ; Top                            ; post-synthesis    ; GND                                 ; N/A                                                                                      ;
; secondlayer:u_secondLayer|layer_1_in[24][3]            ; pre-synthesis ; connected ; Top                            ; post-synthesis    ; GND                                 ; N/A                                                                                      ;
; secondlayer:u_secondLayer|layer_1_in[24][4]            ; pre-synthesis ; connected ; Top                            ; post-synthesis    ; GND                                 ; N/A                                                                                      ;
; secondlayer:u_secondLayer|layer_1_in[24][4]            ; pre-synthesis ; connected ; Top                            ; post-synthesis    ; GND                                 ; N/A                                                                                      ;
; secondlayer:u_secondLayer|layer_1_in[24][5]            ; pre-synthesis ; connected ; Top                            ; post-synthesis    ; GND                                 ; N/A                                                                                      ;
; secondlayer:u_secondLayer|layer_1_in[24][5]            ; pre-synthesis ; connected ; Top                            ; post-synthesis    ; GND                                 ; N/A                                                                                      ;
; secondlayer:u_secondLayer|layer_1_in[24][6]            ; pre-synthesis ; connected ; Top                            ; post-synthesis    ; GND                                 ; N/A                                                                                      ;
; secondlayer:u_secondLayer|layer_1_in[24][6]            ; pre-synthesis ; connected ; Top                            ; post-synthesis    ; GND                                 ; N/A                                                                                      ;
; secondlayer:u_secondLayer|layer_1_in[24][7]            ; pre-synthesis ; connected ; Top                            ; post-synthesis    ; GND                                 ; N/A                                                                                      ;
; secondlayer:u_secondLayer|layer_1_in[24][7]            ; pre-synthesis ; connected ; Top                            ; post-synthesis    ; GND                                 ; N/A                                                                                      ;
; secondlayer:u_secondLayer|layer_1_in[24][8]            ; pre-synthesis ; connected ; Top                            ; post-synthesis    ; GND                                 ; N/A                                                                                      ;
; secondlayer:u_secondLayer|layer_1_in[24][8]            ; pre-synthesis ; connected ; Top                            ; post-synthesis    ; GND                                 ; N/A                                                                                      ;
; secondlayer:u_secondLayer|layer_1_in[25][0]            ; pre-synthesis ; connected ; Top                            ; post-synthesis    ; GND                                 ; N/A                                                                                      ;
; secondlayer:u_secondLayer|layer_1_in[25][0]            ; pre-synthesis ; connected ; Top                            ; post-synthesis    ; GND                                 ; N/A                                                                                      ;
; secondlayer:u_secondLayer|layer_1_in[25][1]            ; pre-synthesis ; connected ; Top                            ; post-synthesis    ; GND                                 ; N/A                                                                                      ;
; secondlayer:u_secondLayer|layer_1_in[25][1]            ; pre-synthesis ; connected ; Top                            ; post-synthesis    ; GND                                 ; N/A                                                                                      ;
; secondlayer:u_secondLayer|layer_1_in[25][2]            ; pre-synthesis ; connected ; Top                            ; post-synthesis    ; GND                                 ; N/A                                                                                      ;
; secondlayer:u_secondLayer|layer_1_in[25][2]            ; pre-synthesis ; connected ; Top                            ; post-synthesis    ; GND                                 ; N/A                                                                                      ;
; secondlayer:u_secondLayer|layer_1_in[25][3]            ; pre-synthesis ; connected ; Top                            ; post-synthesis    ; GND                                 ; N/A                                                                                      ;
; secondlayer:u_secondLayer|layer_1_in[25][3]            ; pre-synthesis ; connected ; Top                            ; post-synthesis    ; GND                                 ; N/A                                                                                      ;
; secondlayer:u_secondLayer|layer_1_in[25][4]            ; pre-synthesis ; connected ; Top                            ; post-synthesis    ; GND                                 ; N/A                                                                                      ;
; secondlayer:u_secondLayer|layer_1_in[25][4]            ; pre-synthesis ; connected ; Top                            ; post-synthesis    ; GND                                 ; N/A                                                                                      ;
; secondlayer:u_secondLayer|layer_1_in[25][5]            ; pre-synthesis ; connected ; Top                            ; post-synthesis    ; GND                                 ; N/A                                                                                      ;
; secondlayer:u_secondLayer|layer_1_in[25][5]            ; pre-synthesis ; connected ; Top                            ; post-synthesis    ; GND                                 ; N/A                                                                                      ;
; secondlayer:u_secondLayer|layer_1_in[25][6]            ; pre-synthesis ; connected ; Top                            ; post-synthesis    ; GND                                 ; N/A                                                                                      ;
; secondlayer:u_secondLayer|layer_1_in[25][6]            ; pre-synthesis ; connected ; Top                            ; post-synthesis    ; GND                                 ; N/A                                                                                      ;
; secondlayer:u_secondLayer|layer_1_in[25][7]            ; pre-synthesis ; connected ; Top                            ; post-synthesis    ; GND                                 ; N/A                                                                                      ;
; secondlayer:u_secondLayer|layer_1_in[25][7]            ; pre-synthesis ; connected ; Top                            ; post-synthesis    ; GND                                 ; N/A                                                                                      ;
; secondlayer:u_secondLayer|layer_1_in[25][8]            ; pre-synthesis ; connected ; Top                            ; post-synthesis    ; GND                                 ; N/A                                                                                      ;
; secondlayer:u_secondLayer|layer_1_in[25][8]            ; pre-synthesis ; connected ; Top                            ; post-synthesis    ; GND                                 ; N/A                                                                                      ;
; secondlayer:u_secondLayer|layer_1_in[26][0]            ; pre-synthesis ; connected ; Top                            ; post-synthesis    ; GND                                 ; N/A                                                                                      ;
; secondlayer:u_secondLayer|layer_1_in[26][0]            ; pre-synthesis ; connected ; Top                            ; post-synthesis    ; GND                                 ; N/A                                                                                      ;
; secondlayer:u_secondLayer|layer_1_in[26][1]            ; pre-synthesis ; connected ; Top                            ; post-synthesis    ; GND                                 ; N/A                                                                                      ;
; secondlayer:u_secondLayer|layer_1_in[26][1]            ; pre-synthesis ; connected ; Top                            ; post-synthesis    ; GND                                 ; N/A                                                                                      ;
; secondlayer:u_secondLayer|layer_1_in[26][2]            ; pre-synthesis ; connected ; Top                            ; post-synthesis    ; GND                                 ; N/A                                                                                      ;
; secondlayer:u_secondLayer|layer_1_in[26][2]            ; pre-synthesis ; connected ; Top                            ; post-synthesis    ; GND                                 ; N/A                                                                                      ;
; secondlayer:u_secondLayer|layer_1_in[26][3]            ; pre-synthesis ; connected ; Top                            ; post-synthesis    ; GND                                 ; N/A                                                                                      ;
; secondlayer:u_secondLayer|layer_1_in[26][3]            ; pre-synthesis ; connected ; Top                            ; post-synthesis    ; GND                                 ; N/A                                                                                      ;
; secondlayer:u_secondLayer|layer_1_in[26][4]            ; pre-synthesis ; connected ; Top                            ; post-synthesis    ; GND                                 ; N/A                                                                                      ;
; secondlayer:u_secondLayer|layer_1_in[26][4]            ; pre-synthesis ; connected ; Top                            ; post-synthesis    ; GND                                 ; N/A                                                                                      ;
; secondlayer:u_secondLayer|layer_1_in[26][5]            ; pre-synthesis ; connected ; Top                            ; post-synthesis    ; GND                                 ; N/A                                                                                      ;
; secondlayer:u_secondLayer|layer_1_in[26][5]            ; pre-synthesis ; connected ; Top                            ; post-synthesis    ; GND                                 ; N/A                                                                                      ;
; secondlayer:u_secondLayer|layer_1_in[26][6]            ; pre-synthesis ; connected ; Top                            ; post-synthesis    ; GND                                 ; N/A                                                                                      ;
; secondlayer:u_secondLayer|layer_1_in[26][6]            ; pre-synthesis ; connected ; Top                            ; post-synthesis    ; GND                                 ; N/A                                                                                      ;
; secondlayer:u_secondLayer|layer_1_in[26][7]            ; pre-synthesis ; connected ; Top                            ; post-synthesis    ; GND                                 ; N/A                                                                                      ;
; secondlayer:u_secondLayer|layer_1_in[26][7]            ; pre-synthesis ; connected ; Top                            ; post-synthesis    ; GND                                 ; N/A                                                                                      ;
; secondlayer:u_secondLayer|layer_1_in[26][8]            ; pre-synthesis ; connected ; Top                            ; post-synthesis    ; GND                                 ; N/A                                                                                      ;
; secondlayer:u_secondLayer|layer_1_in[26][8]            ; pre-synthesis ; connected ; Top                            ; post-synthesis    ; GND                                 ; N/A                                                                                      ;
; secondlayer:u_secondLayer|layer_1_in[27][0]            ; pre-synthesis ; connected ; Top                            ; post-synthesis    ; GND                                 ; N/A                                                                                      ;
; secondlayer:u_secondLayer|layer_1_in[27][0]            ; pre-synthesis ; connected ; Top                            ; post-synthesis    ; GND                                 ; N/A                                                                                      ;
; secondlayer:u_secondLayer|layer_1_in[27][1]            ; pre-synthesis ; connected ; Top                            ; post-synthesis    ; GND                                 ; N/A                                                                                      ;
; secondlayer:u_secondLayer|layer_1_in[27][1]            ; pre-synthesis ; connected ; Top                            ; post-synthesis    ; GND                                 ; N/A                                                                                      ;
; secondlayer:u_secondLayer|layer_1_in[27][2]            ; pre-synthesis ; connected ; Top                            ; post-synthesis    ; GND                                 ; N/A                                                                                      ;
; secondlayer:u_secondLayer|layer_1_in[27][2]            ; pre-synthesis ; connected ; Top                            ; post-synthesis    ; GND                                 ; N/A                                                                                      ;
; secondlayer:u_secondLayer|layer_1_in[27][3]            ; pre-synthesis ; connected ; Top                            ; post-synthesis    ; GND                                 ; N/A                                                                                      ;
; secondlayer:u_secondLayer|layer_1_in[27][3]            ; pre-synthesis ; connected ; Top                            ; post-synthesis    ; GND                                 ; N/A                                                                                      ;
; secondlayer:u_secondLayer|layer_1_in[27][4]            ; pre-synthesis ; connected ; Top                            ; post-synthesis    ; GND                                 ; N/A                                                                                      ;
; secondlayer:u_secondLayer|layer_1_in[27][4]            ; pre-synthesis ; connected ; Top                            ; post-synthesis    ; GND                                 ; N/A                                                                                      ;
; secondlayer:u_secondLayer|layer_1_in[27][5]            ; pre-synthesis ; connected ; Top                            ; post-synthesis    ; GND                                 ; N/A                                                                                      ;
; secondlayer:u_secondLayer|layer_1_in[27][5]            ; pre-synthesis ; connected ; Top                            ; post-synthesis    ; GND                                 ; N/A                                                                                      ;
; secondlayer:u_secondLayer|layer_1_in[27][6]            ; pre-synthesis ; connected ; Top                            ; post-synthesis    ; GND                                 ; N/A                                                                                      ;
; secondlayer:u_secondLayer|layer_1_in[27][6]            ; pre-synthesis ; connected ; Top                            ; post-synthesis    ; GND                                 ; N/A                                                                                      ;
; secondlayer:u_secondLayer|layer_1_in[27][7]            ; pre-synthesis ; connected ; Top                            ; post-synthesis    ; GND                                 ; N/A                                                                                      ;
; secondlayer:u_secondLayer|layer_1_in[27][7]            ; pre-synthesis ; connected ; Top                            ; post-synthesis    ; GND                                 ; N/A                                                                                      ;
; secondlayer:u_secondLayer|layer_1_in[27][8]            ; pre-synthesis ; connected ; Top                            ; post-synthesis    ; GND                                 ; N/A                                                                                      ;
; secondlayer:u_secondLayer|layer_1_in[27][8]            ; pre-synthesis ; connected ; Top                            ; post-synthesis    ; GND                                 ; N/A                                                                                      ;
; secondlayer:u_secondLayer|layer_1_in[28][0]            ; pre-synthesis ; connected ; Top                            ; post-synthesis    ; GND                                 ; N/A                                                                                      ;
; secondlayer:u_secondLayer|layer_1_in[28][0]            ; pre-synthesis ; connected ; Top                            ; post-synthesis    ; GND                                 ; N/A                                                                                      ;
; secondlayer:u_secondLayer|layer_1_in[28][1]            ; pre-synthesis ; connected ; Top                            ; post-synthesis    ; GND                                 ; N/A                                                                                      ;
; secondlayer:u_secondLayer|layer_1_in[28][1]            ; pre-synthesis ; connected ; Top                            ; post-synthesis    ; GND                                 ; N/A                                                                                      ;
; secondlayer:u_secondLayer|layer_1_in[28][2]            ; pre-synthesis ; connected ; Top                            ; post-synthesis    ; GND                                 ; N/A                                                                                      ;
; secondlayer:u_secondLayer|layer_1_in[28][2]            ; pre-synthesis ; connected ; Top                            ; post-synthesis    ; GND                                 ; N/A                                                                                      ;
; secondlayer:u_secondLayer|layer_1_in[28][3]            ; pre-synthesis ; connected ; Top                            ; post-synthesis    ; GND                                 ; N/A                                                                                      ;
; secondlayer:u_secondLayer|layer_1_in[28][3]            ; pre-synthesis ; connected ; Top                            ; post-synthesis    ; GND                                 ; N/A                                                                                      ;
; secondlayer:u_secondLayer|layer_1_in[28][4]            ; pre-synthesis ; connected ; Top                            ; post-synthesis    ; GND                                 ; N/A                                                                                      ;
; secondlayer:u_secondLayer|layer_1_in[28][4]            ; pre-synthesis ; connected ; Top                            ; post-synthesis    ; GND                                 ; N/A                                                                                      ;
; secondlayer:u_secondLayer|layer_1_in[28][5]            ; pre-synthesis ; connected ; Top                            ; post-synthesis    ; GND                                 ; N/A                                                                                      ;
; secondlayer:u_secondLayer|layer_1_in[28][5]            ; pre-synthesis ; connected ; Top                            ; post-synthesis    ; GND                                 ; N/A                                                                                      ;
; secondlayer:u_secondLayer|layer_1_in[28][6]            ; pre-synthesis ; connected ; Top                            ; post-synthesis    ; GND                                 ; N/A                                                                                      ;
; secondlayer:u_secondLayer|layer_1_in[28][6]            ; pre-synthesis ; connected ; Top                            ; post-synthesis    ; GND                                 ; N/A                                                                                      ;
; secondlayer:u_secondLayer|layer_1_in[28][7]            ; pre-synthesis ; connected ; Top                            ; post-synthesis    ; GND                                 ; N/A                                                                                      ;
; secondlayer:u_secondLayer|layer_1_in[28][7]            ; pre-synthesis ; connected ; Top                            ; post-synthesis    ; GND                                 ; N/A                                                                                      ;
; secondlayer:u_secondLayer|layer_1_in[28][8]            ; pre-synthesis ; connected ; Top                            ; post-synthesis    ; GND                                 ; N/A                                                                                      ;
; secondlayer:u_secondLayer|layer_1_in[28][8]            ; pre-synthesis ; connected ; Top                            ; post-synthesis    ; GND                                 ; N/A                                                                                      ;
; secondlayer:u_secondLayer|layer_1_in[29][0]            ; pre-synthesis ; connected ; Top                            ; post-synthesis    ; GND                                 ; N/A                                                                                      ;
; secondlayer:u_secondLayer|layer_1_in[29][0]            ; pre-synthesis ; connected ; Top                            ; post-synthesis    ; GND                                 ; N/A                                                                                      ;
; secondlayer:u_secondLayer|layer_1_in[29][1]            ; pre-synthesis ; connected ; Top                            ; post-synthesis    ; GND                                 ; N/A                                                                                      ;
; secondlayer:u_secondLayer|layer_1_in[29][1]            ; pre-synthesis ; connected ; Top                            ; post-synthesis    ; GND                                 ; N/A                                                                                      ;
; secondlayer:u_secondLayer|layer_1_in[29][2]            ; pre-synthesis ; connected ; Top                            ; post-synthesis    ; GND                                 ; N/A                                                                                      ;
; secondlayer:u_secondLayer|layer_1_in[29][2]            ; pre-synthesis ; connected ; Top                            ; post-synthesis    ; GND                                 ; N/A                                                                                      ;
; secondlayer:u_secondLayer|layer_1_in[29][3]            ; pre-synthesis ; connected ; Top                            ; post-synthesis    ; GND                                 ; N/A                                                                                      ;
; secondlayer:u_secondLayer|layer_1_in[29][3]            ; pre-synthesis ; connected ; Top                            ; post-synthesis    ; GND                                 ; N/A                                                                                      ;
; secondlayer:u_secondLayer|layer_1_in[29][4]            ; pre-synthesis ; connected ; Top                            ; post-synthesis    ; GND                                 ; N/A                                                                                      ;
; secondlayer:u_secondLayer|layer_1_in[29][4]            ; pre-synthesis ; connected ; Top                            ; post-synthesis    ; GND                                 ; N/A                                                                                      ;
; secondlayer:u_secondLayer|layer_1_in[29][5]            ; pre-synthesis ; connected ; Top                            ; post-synthesis    ; GND                                 ; N/A                                                                                      ;
; secondlayer:u_secondLayer|layer_1_in[29][5]            ; pre-synthesis ; connected ; Top                            ; post-synthesis    ; GND                                 ; N/A                                                                                      ;
; secondlayer:u_secondLayer|layer_1_in[29][6]            ; pre-synthesis ; connected ; Top                            ; post-synthesis    ; GND                                 ; N/A                                                                                      ;
; secondlayer:u_secondLayer|layer_1_in[29][6]            ; pre-synthesis ; connected ; Top                            ; post-synthesis    ; GND                                 ; N/A                                                                                      ;
; secondlayer:u_secondLayer|layer_1_in[29][7]            ; pre-synthesis ; connected ; Top                            ; post-synthesis    ; GND                                 ; N/A                                                                                      ;
; secondlayer:u_secondLayer|layer_1_in[29][7]            ; pre-synthesis ; connected ; Top                            ; post-synthesis    ; GND                                 ; N/A                                                                                      ;
; secondlayer:u_secondLayer|layer_1_in[29][8]            ; pre-synthesis ; connected ; Top                            ; post-synthesis    ; GND                                 ; N/A                                                                                      ;
; secondlayer:u_secondLayer|layer_1_in[29][8]            ; pre-synthesis ; connected ; Top                            ; post-synthesis    ; GND                                 ; N/A                                                                                      ;
; secondlayer:u_secondLayer|layer_1_in[2][0]             ; pre-synthesis ; connected ; Top                            ; post-synthesis    ; GND                                 ; N/A                                                                                      ;
; secondlayer:u_secondLayer|layer_1_in[2][0]             ; pre-synthesis ; connected ; Top                            ; post-synthesis    ; GND                                 ; N/A                                                                                      ;
; secondlayer:u_secondLayer|layer_1_in[2][1]             ; pre-synthesis ; connected ; Top                            ; post-synthesis    ; GND                                 ; N/A                                                                                      ;
; secondlayer:u_secondLayer|layer_1_in[2][1]             ; pre-synthesis ; connected ; Top                            ; post-synthesis    ; GND                                 ; N/A                                                                                      ;
; secondlayer:u_secondLayer|layer_1_in[2][2]             ; pre-synthesis ; connected ; Top                            ; post-synthesis    ; GND                                 ; N/A                                                                                      ;
; secondlayer:u_secondLayer|layer_1_in[2][2]             ; pre-synthesis ; connected ; Top                            ; post-synthesis    ; GND                                 ; N/A                                                                                      ;
; secondlayer:u_secondLayer|layer_1_in[2][3]             ; pre-synthesis ; connected ; Top                            ; post-synthesis    ; GND                                 ; N/A                                                                                      ;
; secondlayer:u_secondLayer|layer_1_in[2][3]             ; pre-synthesis ; connected ; Top                            ; post-synthesis    ; GND                                 ; N/A                                                                                      ;
; secondlayer:u_secondLayer|layer_1_in[2][4]             ; pre-synthesis ; connected ; Top                            ; post-synthesis    ; GND                                 ; N/A                                                                                      ;
; secondlayer:u_secondLayer|layer_1_in[2][4]             ; pre-synthesis ; connected ; Top                            ; post-synthesis    ; GND                                 ; N/A                                                                                      ;
; secondlayer:u_secondLayer|layer_1_in[2][5]             ; pre-synthesis ; connected ; Top                            ; post-synthesis    ; GND                                 ; N/A                                                                                      ;
; secondlayer:u_secondLayer|layer_1_in[2][5]             ; pre-synthesis ; connected ; Top                            ; post-synthesis    ; GND                                 ; N/A                                                                                      ;
; secondlayer:u_secondLayer|layer_1_in[2][6]             ; pre-synthesis ; connected ; Top                            ; post-synthesis    ; GND                                 ; N/A                                                                                      ;
; secondlayer:u_secondLayer|layer_1_in[2][6]             ; pre-synthesis ; connected ; Top                            ; post-synthesis    ; GND                                 ; N/A                                                                                      ;
; secondlayer:u_secondLayer|layer_1_in[2][7]             ; pre-synthesis ; connected ; Top                            ; post-synthesis    ; GND                                 ; N/A                                                                                      ;
; secondlayer:u_secondLayer|layer_1_in[2][7]             ; pre-synthesis ; connected ; Top                            ; post-synthesis    ; GND                                 ; N/A                                                                                      ;
; secondlayer:u_secondLayer|layer_1_in[2][8]             ; pre-synthesis ; connected ; Top                            ; post-synthesis    ; GND                                 ; N/A                                                                                      ;
; secondlayer:u_secondLayer|layer_1_in[2][8]             ; pre-synthesis ; connected ; Top                            ; post-synthesis    ; GND                                 ; N/A                                                                                      ;
; secondlayer:u_secondLayer|layer_1_in[30][0]            ; pre-synthesis ; connected ; Top                            ; post-synthesis    ; GND                                 ; N/A                                                                                      ;
; secondlayer:u_secondLayer|layer_1_in[30][0]            ; pre-synthesis ; connected ; Top                            ; post-synthesis    ; GND                                 ; N/A                                                                                      ;
; secondlayer:u_secondLayer|layer_1_in[30][1]            ; pre-synthesis ; connected ; Top                            ; post-synthesis    ; GND                                 ; N/A                                                                                      ;
; secondlayer:u_secondLayer|layer_1_in[30][1]            ; pre-synthesis ; connected ; Top                            ; post-synthesis    ; GND                                 ; N/A                                                                                      ;
; secondlayer:u_secondLayer|layer_1_in[30][2]            ; pre-synthesis ; connected ; Top                            ; post-synthesis    ; GND                                 ; N/A                                                                                      ;
; secondlayer:u_secondLayer|layer_1_in[30][2]            ; pre-synthesis ; connected ; Top                            ; post-synthesis    ; GND                                 ; N/A                                                                                      ;
; secondlayer:u_secondLayer|layer_1_in[30][3]            ; pre-synthesis ; connected ; Top                            ; post-synthesis    ; GND                                 ; N/A                                                                                      ;
; secondlayer:u_secondLayer|layer_1_in[30][3]            ; pre-synthesis ; connected ; Top                            ; post-synthesis    ; GND                                 ; N/A                                                                                      ;
; secondlayer:u_secondLayer|layer_1_in[30][4]            ; pre-synthesis ; connected ; Top                            ; post-synthesis    ; GND                                 ; N/A                                                                                      ;
; secondlayer:u_secondLayer|layer_1_in[30][4]            ; pre-synthesis ; connected ; Top                            ; post-synthesis    ; GND                                 ; N/A                                                                                      ;
; secondlayer:u_secondLayer|layer_1_in[30][5]            ; pre-synthesis ; connected ; Top                            ; post-synthesis    ; GND                                 ; N/A                                                                                      ;
; secondlayer:u_secondLayer|layer_1_in[30][5]            ; pre-synthesis ; connected ; Top                            ; post-synthesis    ; GND                                 ; N/A                                                                                      ;
; secondlayer:u_secondLayer|layer_1_in[30][6]            ; pre-synthesis ; connected ; Top                            ; post-synthesis    ; GND                                 ; N/A                                                                                      ;
; secondlayer:u_secondLayer|layer_1_in[30][6]            ; pre-synthesis ; connected ; Top                            ; post-synthesis    ; GND                                 ; N/A                                                                                      ;
; secondlayer:u_secondLayer|layer_1_in[30][7]            ; pre-synthesis ; connected ; Top                            ; post-synthesis    ; GND                                 ; N/A                                                                                      ;
; secondlayer:u_secondLayer|layer_1_in[30][7]            ; pre-synthesis ; connected ; Top                            ; post-synthesis    ; GND                                 ; N/A                                                                                      ;
; secondlayer:u_secondLayer|layer_1_in[30][8]            ; pre-synthesis ; connected ; Top                            ; post-synthesis    ; GND                                 ; N/A                                                                                      ;
; secondlayer:u_secondLayer|layer_1_in[30][8]            ; pre-synthesis ; connected ; Top                            ; post-synthesis    ; GND                                 ; N/A                                                                                      ;
; secondlayer:u_secondLayer|layer_1_in[31][0]            ; pre-synthesis ; connected ; Top                            ; post-synthesis    ; GND                                 ; N/A                                                                                      ;
; secondlayer:u_secondLayer|layer_1_in[31][0]            ; pre-synthesis ; connected ; Top                            ; post-synthesis    ; GND                                 ; N/A                                                                                      ;
; secondlayer:u_secondLayer|layer_1_in[31][1]            ; pre-synthesis ; connected ; Top                            ; post-synthesis    ; GND                                 ; N/A                                                                                      ;
; secondlayer:u_secondLayer|layer_1_in[31][1]            ; pre-synthesis ; connected ; Top                            ; post-synthesis    ; GND                                 ; N/A                                                                                      ;
; secondlayer:u_secondLayer|layer_1_in[31][2]            ; pre-synthesis ; connected ; Top                            ; post-synthesis    ; GND                                 ; N/A                                                                                      ;
; secondlayer:u_secondLayer|layer_1_in[31][2]            ; pre-synthesis ; connected ; Top                            ; post-synthesis    ; GND                                 ; N/A                                                                                      ;
; secondlayer:u_secondLayer|layer_1_in[31][3]            ; pre-synthesis ; connected ; Top                            ; post-synthesis    ; GND                                 ; N/A                                                                                      ;
; secondlayer:u_secondLayer|layer_1_in[31][3]            ; pre-synthesis ; connected ; Top                            ; post-synthesis    ; GND                                 ; N/A                                                                                      ;
; secondlayer:u_secondLayer|layer_1_in[31][4]            ; pre-synthesis ; connected ; Top                            ; post-synthesis    ; GND                                 ; N/A                                                                                      ;
; secondlayer:u_secondLayer|layer_1_in[31][4]            ; pre-synthesis ; connected ; Top                            ; post-synthesis    ; GND                                 ; N/A                                                                                      ;
; secondlayer:u_secondLayer|layer_1_in[31][5]            ; pre-synthesis ; connected ; Top                            ; post-synthesis    ; GND                                 ; N/A                                                                                      ;
; secondlayer:u_secondLayer|layer_1_in[31][5]            ; pre-synthesis ; connected ; Top                            ; post-synthesis    ; GND                                 ; N/A                                                                                      ;
; secondlayer:u_secondLayer|layer_1_in[31][6]            ; pre-synthesis ; connected ; Top                            ; post-synthesis    ; GND                                 ; N/A                                                                                      ;
; secondlayer:u_secondLayer|layer_1_in[31][6]            ; pre-synthesis ; connected ; Top                            ; post-synthesis    ; GND                                 ; N/A                                                                                      ;
; secondlayer:u_secondLayer|layer_1_in[31][7]            ; pre-synthesis ; connected ; Top                            ; post-synthesis    ; GND                                 ; N/A                                                                                      ;
; secondlayer:u_secondLayer|layer_1_in[31][7]            ; pre-synthesis ; connected ; Top                            ; post-synthesis    ; GND                                 ; N/A                                                                                      ;
; secondlayer:u_secondLayer|layer_1_in[31][8]            ; pre-synthesis ; connected ; Top                            ; post-synthesis    ; GND                                 ; N/A                                                                                      ;
; secondlayer:u_secondLayer|layer_1_in[31][8]            ; pre-synthesis ; connected ; Top                            ; post-synthesis    ; GND                                 ; N/A                                                                                      ;
; secondlayer:u_secondLayer|layer_1_in[3][0]             ; pre-synthesis ; connected ; Top                            ; post-synthesis    ; GND                                 ; N/A                                                                                      ;
; secondlayer:u_secondLayer|layer_1_in[3][0]             ; pre-synthesis ; connected ; Top                            ; post-synthesis    ; GND                                 ; N/A                                                                                      ;
; secondlayer:u_secondLayer|layer_1_in[3][1]             ; pre-synthesis ; connected ; Top                            ; post-synthesis    ; GND                                 ; N/A                                                                                      ;
; secondlayer:u_secondLayer|layer_1_in[3][1]             ; pre-synthesis ; connected ; Top                            ; post-synthesis    ; GND                                 ; N/A                                                                                      ;
; secondlayer:u_secondLayer|layer_1_in[3][2]             ; pre-synthesis ; connected ; Top                            ; post-synthesis    ; GND                                 ; N/A                                                                                      ;
; secondlayer:u_secondLayer|layer_1_in[3][2]             ; pre-synthesis ; connected ; Top                            ; post-synthesis    ; GND                                 ; N/A                                                                                      ;
; secondlayer:u_secondLayer|layer_1_in[3][3]             ; pre-synthesis ; connected ; Top                            ; post-synthesis    ; GND                                 ; N/A                                                                                      ;
; secondlayer:u_secondLayer|layer_1_in[3][3]             ; pre-synthesis ; connected ; Top                            ; post-synthesis    ; GND                                 ; N/A                                                                                      ;
; secondlayer:u_secondLayer|layer_1_in[3][4]             ; pre-synthesis ; connected ; Top                            ; post-synthesis    ; GND                                 ; N/A                                                                                      ;
; secondlayer:u_secondLayer|layer_1_in[3][4]             ; pre-synthesis ; connected ; Top                            ; post-synthesis    ; GND                                 ; N/A                                                                                      ;
; secondlayer:u_secondLayer|layer_1_in[3][5]             ; pre-synthesis ; connected ; Top                            ; post-synthesis    ; GND                                 ; N/A                                                                                      ;
; secondlayer:u_secondLayer|layer_1_in[3][5]             ; pre-synthesis ; connected ; Top                            ; post-synthesis    ; GND                                 ; N/A                                                                                      ;
; secondlayer:u_secondLayer|layer_1_in[3][6]             ; pre-synthesis ; connected ; Top                            ; post-synthesis    ; GND                                 ; N/A                                                                                      ;
; secondlayer:u_secondLayer|layer_1_in[3][6]             ; pre-synthesis ; connected ; Top                            ; post-synthesis    ; GND                                 ; N/A                                                                                      ;
; secondlayer:u_secondLayer|layer_1_in[3][7]             ; pre-synthesis ; connected ; Top                            ; post-synthesis    ; GND                                 ; N/A                                                                                      ;
; secondlayer:u_secondLayer|layer_1_in[3][7]             ; pre-synthesis ; connected ; Top                            ; post-synthesis    ; GND                                 ; N/A                                                                                      ;
; secondlayer:u_secondLayer|layer_1_in[3][8]             ; pre-synthesis ; connected ; Top                            ; post-synthesis    ; GND                                 ; N/A                                                                                      ;
; secondlayer:u_secondLayer|layer_1_in[3][8]             ; pre-synthesis ; connected ; Top                            ; post-synthesis    ; GND                                 ; N/A                                                                                      ;
; secondlayer:u_secondLayer|layer_1_in[4][0]             ; pre-synthesis ; connected ; Top                            ; post-synthesis    ; GND                                 ; N/A                                                                                      ;
; secondlayer:u_secondLayer|layer_1_in[4][0]             ; pre-synthesis ; connected ; Top                            ; post-synthesis    ; GND                                 ; N/A                                                                                      ;
; secondlayer:u_secondLayer|layer_1_in[4][1]             ; pre-synthesis ; connected ; Top                            ; post-synthesis    ; GND                                 ; N/A                                                                                      ;
; secondlayer:u_secondLayer|layer_1_in[4][1]             ; pre-synthesis ; connected ; Top                            ; post-synthesis    ; GND                                 ; N/A                                                                                      ;
; secondlayer:u_secondLayer|layer_1_in[4][2]             ; pre-synthesis ; connected ; Top                            ; post-synthesis    ; GND                                 ; N/A                                                                                      ;
; secondlayer:u_secondLayer|layer_1_in[4][2]             ; pre-synthesis ; connected ; Top                            ; post-synthesis    ; GND                                 ; N/A                                                                                      ;
; secondlayer:u_secondLayer|layer_1_in[4][3]             ; pre-synthesis ; connected ; Top                            ; post-synthesis    ; GND                                 ; N/A                                                                                      ;
; secondlayer:u_secondLayer|layer_1_in[4][3]             ; pre-synthesis ; connected ; Top                            ; post-synthesis    ; GND                                 ; N/A                                                                                      ;
; secondlayer:u_secondLayer|layer_1_in[4][4]             ; pre-synthesis ; connected ; Top                            ; post-synthesis    ; GND                                 ; N/A                                                                                      ;
; secondlayer:u_secondLayer|layer_1_in[4][4]             ; pre-synthesis ; connected ; Top                            ; post-synthesis    ; GND                                 ; N/A                                                                                      ;
; secondlayer:u_secondLayer|layer_1_in[4][5]             ; pre-synthesis ; connected ; Top                            ; post-synthesis    ; GND                                 ; N/A                                                                                      ;
; secondlayer:u_secondLayer|layer_1_in[4][5]             ; pre-synthesis ; connected ; Top                            ; post-synthesis    ; GND                                 ; N/A                                                                                      ;
; secondlayer:u_secondLayer|layer_1_in[4][6]             ; pre-synthesis ; connected ; Top                            ; post-synthesis    ; GND                                 ; N/A                                                                                      ;
; secondlayer:u_secondLayer|layer_1_in[4][6]             ; pre-synthesis ; connected ; Top                            ; post-synthesis    ; GND                                 ; N/A                                                                                      ;
; secondlayer:u_secondLayer|layer_1_in[4][7]             ; pre-synthesis ; connected ; Top                            ; post-synthesis    ; GND                                 ; N/A                                                                                      ;
; secondlayer:u_secondLayer|layer_1_in[4][7]             ; pre-synthesis ; connected ; Top                            ; post-synthesis    ; GND                                 ; N/A                                                                                      ;
; secondlayer:u_secondLayer|layer_1_in[4][8]             ; pre-synthesis ; connected ; Top                            ; post-synthesis    ; GND                                 ; N/A                                                                                      ;
; secondlayer:u_secondLayer|layer_1_in[4][8]             ; pre-synthesis ; connected ; Top                            ; post-synthesis    ; GND                                 ; N/A                                                                                      ;
; secondlayer:u_secondLayer|layer_1_in[5][0]             ; pre-synthesis ; connected ; Top                            ; post-synthesis    ; GND                                 ; N/A                                                                                      ;
; secondlayer:u_secondLayer|layer_1_in[5][0]             ; pre-synthesis ; connected ; Top                            ; post-synthesis    ; GND                                 ; N/A                                                                                      ;
; secondlayer:u_secondLayer|layer_1_in[5][1]             ; pre-synthesis ; connected ; Top                            ; post-synthesis    ; GND                                 ; N/A                                                                                      ;
; secondlayer:u_secondLayer|layer_1_in[5][1]             ; pre-synthesis ; connected ; Top                            ; post-synthesis    ; GND                                 ; N/A                                                                                      ;
; secondlayer:u_secondLayer|layer_1_in[5][2]             ; pre-synthesis ; connected ; Top                            ; post-synthesis    ; GND                                 ; N/A                                                                                      ;
; secondlayer:u_secondLayer|layer_1_in[5][2]             ; pre-synthesis ; connected ; Top                            ; post-synthesis    ; GND                                 ; N/A                                                                                      ;
; secondlayer:u_secondLayer|layer_1_in[5][3]             ; pre-synthesis ; connected ; Top                            ; post-synthesis    ; GND                                 ; N/A                                                                                      ;
; secondlayer:u_secondLayer|layer_1_in[5][3]             ; pre-synthesis ; connected ; Top                            ; post-synthesis    ; GND                                 ; N/A                                                                                      ;
; secondlayer:u_secondLayer|layer_1_in[5][4]             ; pre-synthesis ; connected ; Top                            ; post-synthesis    ; GND                                 ; N/A                                                                                      ;
; secondlayer:u_secondLayer|layer_1_in[5][4]             ; pre-synthesis ; connected ; Top                            ; post-synthesis    ; GND                                 ; N/A                                                                                      ;
; secondlayer:u_secondLayer|layer_1_in[5][5]             ; pre-synthesis ; connected ; Top                            ; post-synthesis    ; GND                                 ; N/A                                                                                      ;
; secondlayer:u_secondLayer|layer_1_in[5][5]             ; pre-synthesis ; connected ; Top                            ; post-synthesis    ; GND                                 ; N/A                                                                                      ;
; secondlayer:u_secondLayer|layer_1_in[5][6]             ; pre-synthesis ; connected ; Top                            ; post-synthesis    ; GND                                 ; N/A                                                                                      ;
; secondlayer:u_secondLayer|layer_1_in[5][6]             ; pre-synthesis ; connected ; Top                            ; post-synthesis    ; GND                                 ; N/A                                                                                      ;
; secondlayer:u_secondLayer|layer_1_in[5][7]             ; pre-synthesis ; connected ; Top                            ; post-synthesis    ; GND                                 ; N/A                                                                                      ;
; secondlayer:u_secondLayer|layer_1_in[5][7]             ; pre-synthesis ; connected ; Top                            ; post-synthesis    ; GND                                 ; N/A                                                                                      ;
; secondlayer:u_secondLayer|layer_1_in[5][8]             ; pre-synthesis ; connected ; Top                            ; post-synthesis    ; GND                                 ; N/A                                                                                      ;
; secondlayer:u_secondLayer|layer_1_in[5][8]             ; pre-synthesis ; connected ; Top                            ; post-synthesis    ; GND                                 ; N/A                                                                                      ;
; secondlayer:u_secondLayer|layer_1_in[6][0]             ; pre-synthesis ; connected ; Top                            ; post-synthesis    ; GND                                 ; N/A                                                                                      ;
; secondlayer:u_secondLayer|layer_1_in[6][0]             ; pre-synthesis ; connected ; Top                            ; post-synthesis    ; GND                                 ; N/A                                                                                      ;
; secondlayer:u_secondLayer|layer_1_in[6][1]             ; pre-synthesis ; connected ; Top                            ; post-synthesis    ; GND                                 ; N/A                                                                                      ;
; secondlayer:u_secondLayer|layer_1_in[6][1]             ; pre-synthesis ; connected ; Top                            ; post-synthesis    ; GND                                 ; N/A                                                                                      ;
; secondlayer:u_secondLayer|layer_1_in[6][2]             ; pre-synthesis ; connected ; Top                            ; post-synthesis    ; GND                                 ; N/A                                                                                      ;
; secondlayer:u_secondLayer|layer_1_in[6][2]             ; pre-synthesis ; connected ; Top                            ; post-synthesis    ; GND                                 ; N/A                                                                                      ;
; secondlayer:u_secondLayer|layer_1_in[6][3]             ; pre-synthesis ; connected ; Top                            ; post-synthesis    ; GND                                 ; N/A                                                                                      ;
; secondlayer:u_secondLayer|layer_1_in[6][3]             ; pre-synthesis ; connected ; Top                            ; post-synthesis    ; GND                                 ; N/A                                                                                      ;
; secondlayer:u_secondLayer|layer_1_in[6][4]             ; pre-synthesis ; connected ; Top                            ; post-synthesis    ; GND                                 ; N/A                                                                                      ;
; secondlayer:u_secondLayer|layer_1_in[6][4]             ; pre-synthesis ; connected ; Top                            ; post-synthesis    ; GND                                 ; N/A                                                                                      ;
; secondlayer:u_secondLayer|layer_1_in[6][5]             ; pre-synthesis ; connected ; Top                            ; post-synthesis    ; GND                                 ; N/A                                                                                      ;
; secondlayer:u_secondLayer|layer_1_in[6][5]             ; pre-synthesis ; connected ; Top                            ; post-synthesis    ; GND                                 ; N/A                                                                                      ;
; secondlayer:u_secondLayer|layer_1_in[6][6]             ; pre-synthesis ; connected ; Top                            ; post-synthesis    ; GND                                 ; N/A                                                                                      ;
; secondlayer:u_secondLayer|layer_1_in[6][6]             ; pre-synthesis ; connected ; Top                            ; post-synthesis    ; GND                                 ; N/A                                                                                      ;
; secondlayer:u_secondLayer|layer_1_in[6][7]             ; pre-synthesis ; connected ; Top                            ; post-synthesis    ; GND                                 ; N/A                                                                                      ;
; secondlayer:u_secondLayer|layer_1_in[6][7]             ; pre-synthesis ; connected ; Top                            ; post-synthesis    ; GND                                 ; N/A                                                                                      ;
; secondlayer:u_secondLayer|layer_1_in[6][8]             ; pre-synthesis ; connected ; Top                            ; post-synthesis    ; GND                                 ; N/A                                                                                      ;
; secondlayer:u_secondLayer|layer_1_in[6][8]             ; pre-synthesis ; connected ; Top                            ; post-synthesis    ; GND                                 ; N/A                                                                                      ;
; secondlayer:u_secondLayer|layer_1_in[7][0]             ; pre-synthesis ; connected ; Top                            ; post-synthesis    ; GND                                 ; N/A                                                                                      ;
; secondlayer:u_secondLayer|layer_1_in[7][0]             ; pre-synthesis ; connected ; Top                            ; post-synthesis    ; GND                                 ; N/A                                                                                      ;
; secondlayer:u_secondLayer|layer_1_in[7][1]             ; pre-synthesis ; connected ; Top                            ; post-synthesis    ; GND                                 ; N/A                                                                                      ;
; secondlayer:u_secondLayer|layer_1_in[7][1]             ; pre-synthesis ; connected ; Top                            ; post-synthesis    ; GND                                 ; N/A                                                                                      ;
; secondlayer:u_secondLayer|layer_1_in[7][2]             ; pre-synthesis ; connected ; Top                            ; post-synthesis    ; GND                                 ; N/A                                                                                      ;
; secondlayer:u_secondLayer|layer_1_in[7][2]             ; pre-synthesis ; connected ; Top                            ; post-synthesis    ; GND                                 ; N/A                                                                                      ;
; secondlayer:u_secondLayer|layer_1_in[7][3]             ; pre-synthesis ; connected ; Top                            ; post-synthesis    ; GND                                 ; N/A                                                                                      ;
; secondlayer:u_secondLayer|layer_1_in[7][3]             ; pre-synthesis ; connected ; Top                            ; post-synthesis    ; GND                                 ; N/A                                                                                      ;
; secondlayer:u_secondLayer|layer_1_in[7][4]             ; pre-synthesis ; connected ; Top                            ; post-synthesis    ; GND                                 ; N/A                                                                                      ;
; secondlayer:u_secondLayer|layer_1_in[7][4]             ; pre-synthesis ; connected ; Top                            ; post-synthesis    ; GND                                 ; N/A                                                                                      ;
; secondlayer:u_secondLayer|layer_1_in[7][5]             ; pre-synthesis ; connected ; Top                            ; post-synthesis    ; GND                                 ; N/A                                                                                      ;
; secondlayer:u_secondLayer|layer_1_in[7][5]             ; pre-synthesis ; connected ; Top                            ; post-synthesis    ; GND                                 ; N/A                                                                                      ;
; secondlayer:u_secondLayer|layer_1_in[7][6]             ; pre-synthesis ; connected ; Top                            ; post-synthesis    ; GND                                 ; N/A                                                                                      ;
; secondlayer:u_secondLayer|layer_1_in[7][6]             ; pre-synthesis ; connected ; Top                            ; post-synthesis    ; GND                                 ; N/A                                                                                      ;
; secondlayer:u_secondLayer|layer_1_in[7][7]             ; pre-synthesis ; connected ; Top                            ; post-synthesis    ; GND                                 ; N/A                                                                                      ;
; secondlayer:u_secondLayer|layer_1_in[7][7]             ; pre-synthesis ; connected ; Top                            ; post-synthesis    ; GND                                 ; N/A                                                                                      ;
; secondlayer:u_secondLayer|layer_1_in[7][8]             ; pre-synthesis ; connected ; Top                            ; post-synthesis    ; GND                                 ; N/A                                                                                      ;
; secondlayer:u_secondLayer|layer_1_in[7][8]             ; pre-synthesis ; connected ; Top                            ; post-synthesis    ; GND                                 ; N/A                                                                                      ;
; secondlayer:u_secondLayer|layer_1_in[8][0]             ; pre-synthesis ; connected ; Top                            ; post-synthesis    ; GND                                 ; N/A                                                                                      ;
; secondlayer:u_secondLayer|layer_1_in[8][0]             ; pre-synthesis ; connected ; Top                            ; post-synthesis    ; GND                                 ; N/A                                                                                      ;
; secondlayer:u_secondLayer|layer_1_in[8][1]             ; pre-synthesis ; connected ; Top                            ; post-synthesis    ; GND                                 ; N/A                                                                                      ;
; secondlayer:u_secondLayer|layer_1_in[8][1]             ; pre-synthesis ; connected ; Top                            ; post-synthesis    ; GND                                 ; N/A                                                                                      ;
; secondlayer:u_secondLayer|layer_1_in[8][2]             ; pre-synthesis ; connected ; Top                            ; post-synthesis    ; GND                                 ; N/A                                                                                      ;
; secondlayer:u_secondLayer|layer_1_in[8][2]             ; pre-synthesis ; connected ; Top                            ; post-synthesis    ; GND                                 ; N/A                                                                                      ;
; secondlayer:u_secondLayer|layer_1_in[8][3]             ; pre-synthesis ; connected ; Top                            ; post-synthesis    ; GND                                 ; N/A                                                                                      ;
; secondlayer:u_secondLayer|layer_1_in[8][3]             ; pre-synthesis ; connected ; Top                            ; post-synthesis    ; GND                                 ; N/A                                                                                      ;
; secondlayer:u_secondLayer|layer_1_in[8][4]             ; pre-synthesis ; connected ; Top                            ; post-synthesis    ; GND                                 ; N/A                                                                                      ;
; secondlayer:u_secondLayer|layer_1_in[8][4]             ; pre-synthesis ; connected ; Top                            ; post-synthesis    ; GND                                 ; N/A                                                                                      ;
; secondlayer:u_secondLayer|layer_1_in[8][5]             ; pre-synthesis ; connected ; Top                            ; post-synthesis    ; GND                                 ; N/A                                                                                      ;
; secondlayer:u_secondLayer|layer_1_in[8][5]             ; pre-synthesis ; connected ; Top                            ; post-synthesis    ; GND                                 ; N/A                                                                                      ;
; secondlayer:u_secondLayer|layer_1_in[8][6]             ; pre-synthesis ; connected ; Top                            ; post-synthesis    ; GND                                 ; N/A                                                                                      ;
; secondlayer:u_secondLayer|layer_1_in[8][6]             ; pre-synthesis ; connected ; Top                            ; post-synthesis    ; GND                                 ; N/A                                                                                      ;
; secondlayer:u_secondLayer|layer_1_in[8][7]             ; pre-synthesis ; connected ; Top                            ; post-synthesis    ; GND                                 ; N/A                                                                                      ;
; secondlayer:u_secondLayer|layer_1_in[8][7]             ; pre-synthesis ; connected ; Top                            ; post-synthesis    ; GND                                 ; N/A                                                                                      ;
; secondlayer:u_secondLayer|layer_1_in[8][8]             ; pre-synthesis ; connected ; Top                            ; post-synthesis    ; GND                                 ; N/A                                                                                      ;
; secondlayer:u_secondLayer|layer_1_in[8][8]             ; pre-synthesis ; connected ; Top                            ; post-synthesis    ; GND                                 ; N/A                                                                                      ;
; secondlayer:u_secondLayer|layer_1_in[9][0]             ; pre-synthesis ; connected ; Top                            ; post-synthesis    ; GND                                 ; N/A                                                                                      ;
; secondlayer:u_secondLayer|layer_1_in[9][0]             ; pre-synthesis ; connected ; Top                            ; post-synthesis    ; GND                                 ; N/A                                                                                      ;
; secondlayer:u_secondLayer|layer_1_in[9][1]             ; pre-synthesis ; connected ; Top                            ; post-synthesis    ; GND                                 ; N/A                                                                                      ;
; secondlayer:u_secondLayer|layer_1_in[9][1]             ; pre-synthesis ; connected ; Top                            ; post-synthesis    ; GND                                 ; N/A                                                                                      ;
; secondlayer:u_secondLayer|layer_1_in[9][2]             ; pre-synthesis ; connected ; Top                            ; post-synthesis    ; GND                                 ; N/A                                                                                      ;
; secondlayer:u_secondLayer|layer_1_in[9][2]             ; pre-synthesis ; connected ; Top                            ; post-synthesis    ; GND                                 ; N/A                                                                                      ;
; secondlayer:u_secondLayer|layer_1_in[9][3]             ; pre-synthesis ; connected ; Top                            ; post-synthesis    ; GND                                 ; N/A                                                                                      ;
; secondlayer:u_secondLayer|layer_1_in[9][3]             ; pre-synthesis ; connected ; Top                            ; post-synthesis    ; GND                                 ; N/A                                                                                      ;
; secondlayer:u_secondLayer|layer_1_in[9][4]             ; pre-synthesis ; connected ; Top                            ; post-synthesis    ; GND                                 ; N/A                                                                                      ;
; secondlayer:u_secondLayer|layer_1_in[9][4]             ; pre-synthesis ; connected ; Top                            ; post-synthesis    ; GND                                 ; N/A                                                                                      ;
; secondlayer:u_secondLayer|layer_1_in[9][5]             ; pre-synthesis ; connected ; Top                            ; post-synthesis    ; GND                                 ; N/A                                                                                      ;
; secondlayer:u_secondLayer|layer_1_in[9][5]             ; pre-synthesis ; connected ; Top                            ; post-synthesis    ; GND                                 ; N/A                                                                                      ;
; secondlayer:u_secondLayer|layer_1_in[9][6]             ; pre-synthesis ; connected ; Top                            ; post-synthesis    ; GND                                 ; N/A                                                                                      ;
; secondlayer:u_secondLayer|layer_1_in[9][6]             ; pre-synthesis ; connected ; Top                            ; post-synthesis    ; GND                                 ; N/A                                                                                      ;
; secondlayer:u_secondLayer|layer_1_in[9][7]             ; pre-synthesis ; connected ; Top                            ; post-synthesis    ; GND                                 ; N/A                                                                                      ;
; secondlayer:u_secondLayer|layer_1_in[9][7]             ; pre-synthesis ; connected ; Top                            ; post-synthesis    ; GND                                 ; N/A                                                                                      ;
; secondlayer:u_secondLayer|layer_1_in[9][8]             ; pre-synthesis ; connected ; Top                            ; post-synthesis    ; GND                                 ; N/A                                                                                      ;
; secondlayer:u_secondLayer|layer_1_in[9][8]             ; pre-synthesis ; connected ; Top                            ; post-synthesis    ; GND                                 ; N/A                                                                                      ;
; auto_signaltap_0|gnd                                   ; post-fitting  ; connected ; sld_signaltap:auto_signaltap_0 ; post-synthesis    ; sld_signaltap:auto_signaltap_0|~GND ; N/A                                                                                      ;
; auto_signaltap_0|gnd                                   ; post-fitting  ; connected ; sld_signaltap:auto_signaltap_0 ; post-synthesis    ; sld_signaltap:auto_signaltap_0|~GND ; N/A                                                                                      ;
; auto_signaltap_0|gnd                                   ; post-fitting  ; connected ; sld_signaltap:auto_signaltap_0 ; post-synthesis    ; sld_signaltap:auto_signaltap_0|~GND ; N/A                                                                                      ;
; auto_signaltap_0|gnd                                   ; post-fitting  ; connected ; sld_signaltap:auto_signaltap_0 ; post-synthesis    ; sld_signaltap:auto_signaltap_0|~GND ; N/A                                                                                      ;
; auto_signaltap_0|gnd                                   ; post-fitting  ; connected ; sld_signaltap:auto_signaltap_0 ; post-synthesis    ; sld_signaltap:auto_signaltap_0|~GND ; N/A                                                                                      ;
; auto_signaltap_0|gnd                                   ; post-fitting  ; connected ; sld_signaltap:auto_signaltap_0 ; post-synthesis    ; sld_signaltap:auto_signaltap_0|~GND ; N/A                                                                                      ;
; auto_signaltap_0|gnd                                   ; post-fitting  ; connected ; sld_signaltap:auto_signaltap_0 ; post-synthesis    ; sld_signaltap:auto_signaltap_0|~GND ; N/A                                                                                      ;
; auto_signaltap_0|gnd                                   ; post-fitting  ; connected ; sld_signaltap:auto_signaltap_0 ; post-synthesis    ; sld_signaltap:auto_signaltap_0|~GND ; N/A                                                                                      ;
; auto_signaltap_0|gnd                                   ; post-fitting  ; connected ; sld_signaltap:auto_signaltap_0 ; post-synthesis    ; sld_signaltap:auto_signaltap_0|~GND ; N/A                                                                                      ;
; auto_signaltap_0|gnd                                   ; post-fitting  ; connected ; sld_signaltap:auto_signaltap_0 ; post-synthesis    ; sld_signaltap:auto_signaltap_0|~GND ; N/A                                                                                      ;
; auto_signaltap_0|gnd                                   ; post-fitting  ; connected ; sld_signaltap:auto_signaltap_0 ; post-synthesis    ; sld_signaltap:auto_signaltap_0|~GND ; N/A                                                                                      ;
; auto_signaltap_0|gnd                                   ; post-fitting  ; connected ; sld_signaltap:auto_signaltap_0 ; post-synthesis    ; sld_signaltap:auto_signaltap_0|~GND ; N/A                                                                                      ;
; auto_signaltap_0|vcc                                   ; post-fitting  ; connected ; sld_signaltap:auto_signaltap_0 ; post-synthesis    ; sld_signaltap:auto_signaltap_0|~VCC ; N/A                                                                                      ;
; auto_signaltap_0|vcc                                   ; post-fitting  ; connected ; sld_signaltap:auto_signaltap_0 ; post-synthesis    ; sld_signaltap:auto_signaltap_0|~VCC ; N/A                                                                                      ;
; auto_signaltap_0|vcc                                   ; post-fitting  ; connected ; sld_signaltap:auto_signaltap_0 ; post-synthesis    ; sld_signaltap:auto_signaltap_0|~VCC ; N/A                                                                                      ;
; auto_signaltap_0|vcc                                   ; post-fitting  ; connected ; sld_signaltap:auto_signaltap_0 ; post-synthesis    ; sld_signaltap:auto_signaltap_0|~VCC ; N/A                                                                                      ;
; auto_signaltap_0|vcc                                   ; post-fitting  ; connected ; sld_signaltap:auto_signaltap_0 ; post-synthesis    ; sld_signaltap:auto_signaltap_0|~VCC ; N/A                                                                                      ;
; auto_signaltap_0|vcc                                   ; post-fitting  ; connected ; sld_signaltap:auto_signaltap_0 ; post-synthesis    ; sld_signaltap:auto_signaltap_0|~VCC ; N/A                                                                                      ;
; auto_signaltap_0|vcc                                   ; post-fitting  ; connected ; sld_signaltap:auto_signaltap_0 ; post-synthesis    ; sld_signaltap:auto_signaltap_0|~VCC ; N/A                                                                                      ;
; auto_signaltap_0|vcc                                   ; post-fitting  ; connected ; sld_signaltap:auto_signaltap_0 ; post-synthesis    ; sld_signaltap:auto_signaltap_0|~VCC ; N/A                                                                                      ;
; auto_signaltap_0|vcc                                   ; post-fitting  ; connected ; sld_signaltap:auto_signaltap_0 ; post-synthesis    ; sld_signaltap:auto_signaltap_0|~VCC ; N/A                                                                                      ;
; auto_signaltap_0|vcc                                   ; post-fitting  ; connected ; sld_signaltap:auto_signaltap_0 ; post-synthesis    ; sld_signaltap:auto_signaltap_0|~VCC ; N/A                                                                                      ;
; auto_signaltap_0|vcc                                   ; post-fitting  ; connected ; sld_signaltap:auto_signaltap_0 ; post-synthesis    ; sld_signaltap:auto_signaltap_0|~VCC ; N/A                                                                                      ;
; auto_signaltap_0|vcc                                   ; post-fitting  ; connected ; sld_signaltap:auto_signaltap_0 ; post-synthesis    ; sld_signaltap:auto_signaltap_0|~VCC ; N/A                                                                                      ;
; auto_signaltap_0|vcc                                   ; post-fitting  ; connected ; sld_signaltap:auto_signaltap_0 ; post-synthesis    ; sld_signaltap:auto_signaltap_0|~VCC ; N/A                                                                                      ;
; auto_signaltap_0|vcc                                   ; post-fitting  ; connected ; sld_signaltap:auto_signaltap_0 ; post-synthesis    ; sld_signaltap:auto_signaltap_0|~VCC ; N/A                                                                                      ;
; auto_signaltap_0|vcc                                   ; post-fitting  ; connected ; sld_signaltap:auto_signaltap_0 ; post-synthesis    ; sld_signaltap:auto_signaltap_0|~VCC ; N/A                                                                                      ;
; auto_signaltap_0|vcc                                   ; post-fitting  ; connected ; sld_signaltap:auto_signaltap_0 ; post-synthesis    ; sld_signaltap:auto_signaltap_0|~VCC ; N/A                                                                                      ;
; auto_signaltap_0|vcc                                   ; post-fitting  ; connected ; sld_signaltap:auto_signaltap_0 ; post-synthesis    ; sld_signaltap:auto_signaltap_0|~VCC ; N/A                                                                                      ;
; auto_signaltap_0|vcc                                   ; post-fitting  ; connected ; sld_signaltap:auto_signaltap_0 ; post-synthesis    ; sld_signaltap:auto_signaltap_0|~VCC ; N/A                                                                                      ;
; auto_signaltap_0|vcc                                   ; post-fitting  ; connected ; sld_signaltap:auto_signaltap_0 ; post-synthesis    ; sld_signaltap:auto_signaltap_0|~VCC ; N/A                                                                                      ;
; auto_signaltap_0|vcc                                   ; post-fitting  ; connected ; sld_signaltap:auto_signaltap_0 ; post-synthesis    ; sld_signaltap:auto_signaltap_0|~VCC ; N/A                                                                                      ;
; secondlayer:u_secondLayer|Add0~1                       ; post-fitting  ; missing   ; Top                            ; post-synthesis    ; GND                                 ; The post-fitting netlist is not being used.  Set the partition's netlist type to source. ;
; secondlayer:u_secondLayer|Add0~1                       ; post-fitting  ; missing   ; Top                            ; post-synthesis    ; GND                                 ; The post-fitting netlist is not being used.  Set the partition's netlist type to source. ;
; secondlayer:u_secondLayer|Add0~13                      ; post-fitting  ; missing   ; Top                            ; post-synthesis    ; GND                                 ; The post-fitting netlist is not being used.  Set the partition's netlist type to source. ;
; secondlayer:u_secondLayer|Add0~13                      ; post-fitting  ; missing   ; Top                            ; post-synthesis    ; GND                                 ; The post-fitting netlist is not being used.  Set the partition's netlist type to source. ;
; secondlayer:u_secondLayer|Add0~5                       ; post-fitting  ; missing   ; Top                            ; post-synthesis    ; GND                                 ; The post-fitting netlist is not being used.  Set the partition's netlist type to source. ;
; secondlayer:u_secondLayer|Add0~5                       ; post-fitting  ; missing   ; Top                            ; post-synthesis    ; GND                                 ; The post-fitting netlist is not being used.  Set the partition's netlist type to source. ;
; secondlayer:u_secondLayer|Add0~9                       ; post-fitting  ; missing   ; Top                            ; post-synthesis    ; GND                                 ; The post-fitting netlist is not being used.  Set the partition's netlist type to source. ;
; secondlayer:u_secondLayer|Add0~9                       ; post-fitting  ; missing   ; Top                            ; post-synthesis    ; GND                                 ; The post-fitting netlist is not being used.  Set the partition's netlist type to source. ;
; secondlayer:u_secondLayer|Add1~1                       ; post-fitting  ; missing   ; Top                            ; post-synthesis    ; GND                                 ; The post-fitting netlist is not being used.  Set the partition's netlist type to source. ;
; secondlayer:u_secondLayer|Add1~1                       ; post-fitting  ; missing   ; Top                            ; post-synthesis    ; GND                                 ; The post-fitting netlist is not being used.  Set the partition's netlist type to source. ;
; secondlayer:u_secondLayer|Add1~101                     ; post-fitting  ; missing   ; Top                            ; post-synthesis    ; GND                                 ; The post-fitting netlist is not being used.  Set the partition's netlist type to source. ;
; secondlayer:u_secondLayer|Add1~101                     ; post-fitting  ; missing   ; Top                            ; post-synthesis    ; GND                                 ; The post-fitting netlist is not being used.  Set the partition's netlist type to source. ;
; secondlayer:u_secondLayer|Add1~105                     ; post-fitting  ; missing   ; Top                            ; post-synthesis    ; GND                                 ; The post-fitting netlist is not being used.  Set the partition's netlist type to source. ;
; secondlayer:u_secondLayer|Add1~105                     ; post-fitting  ; missing   ; Top                            ; post-synthesis    ; GND                                 ; The post-fitting netlist is not being used.  Set the partition's netlist type to source. ;
; secondlayer:u_secondLayer|Add1~13                      ; post-fitting  ; missing   ; Top                            ; post-synthesis    ; GND                                 ; The post-fitting netlist is not being used.  Set the partition's netlist type to source. ;
; secondlayer:u_secondLayer|Add1~13                      ; post-fitting  ; missing   ; Top                            ; post-synthesis    ; GND                                 ; The post-fitting netlist is not being used.  Set the partition's netlist type to source. ;
; secondlayer:u_secondLayer|Add1~17                      ; post-fitting  ; missing   ; Top                            ; post-synthesis    ; GND                                 ; The post-fitting netlist is not being used.  Set the partition's netlist type to source. ;
; secondlayer:u_secondLayer|Add1~17                      ; post-fitting  ; missing   ; Top                            ; post-synthesis    ; GND                                 ; The post-fitting netlist is not being used.  Set the partition's netlist type to source. ;
; secondlayer:u_secondLayer|Add1~21                      ; post-fitting  ; missing   ; Top                            ; post-synthesis    ; GND                                 ; The post-fitting netlist is not being used.  Set the partition's netlist type to source. ;
; secondlayer:u_secondLayer|Add1~21                      ; post-fitting  ; missing   ; Top                            ; post-synthesis    ; GND                                 ; The post-fitting netlist is not being used.  Set the partition's netlist type to source. ;
; secondlayer:u_secondLayer|Add1~25                      ; post-fitting  ; missing   ; Top                            ; post-synthesis    ; GND                                 ; The post-fitting netlist is not being used.  Set the partition's netlist type to source. ;
; secondlayer:u_secondLayer|Add1~25                      ; post-fitting  ; missing   ; Top                            ; post-synthesis    ; GND                                 ; The post-fitting netlist is not being used.  Set the partition's netlist type to source. ;
; secondlayer:u_secondLayer|Add1~29                      ; post-fitting  ; missing   ; Top                            ; post-synthesis    ; GND                                 ; The post-fitting netlist is not being used.  Set the partition's netlist type to source. ;
; secondlayer:u_secondLayer|Add1~29                      ; post-fitting  ; missing   ; Top                            ; post-synthesis    ; GND                                 ; The post-fitting netlist is not being used.  Set the partition's netlist type to source. ;
; secondlayer:u_secondLayer|Add1~33                      ; post-fitting  ; missing   ; Top                            ; post-synthesis    ; GND                                 ; The post-fitting netlist is not being used.  Set the partition's netlist type to source. ;
; secondlayer:u_secondLayer|Add1~33                      ; post-fitting  ; missing   ; Top                            ; post-synthesis    ; GND                                 ; The post-fitting netlist is not being used.  Set the partition's netlist type to source. ;
; secondlayer:u_secondLayer|Add1~37                      ; post-fitting  ; missing   ; Top                            ; post-synthesis    ; GND                                 ; The post-fitting netlist is not being used.  Set the partition's netlist type to source. ;
; secondlayer:u_secondLayer|Add1~37                      ; post-fitting  ; missing   ; Top                            ; post-synthesis    ; GND                                 ; The post-fitting netlist is not being used.  Set the partition's netlist type to source. ;
; secondlayer:u_secondLayer|Add1~41                      ; post-fitting  ; missing   ; Top                            ; post-synthesis    ; GND                                 ; The post-fitting netlist is not being used.  Set the partition's netlist type to source. ;
; secondlayer:u_secondLayer|Add1~41                      ; post-fitting  ; missing   ; Top                            ; post-synthesis    ; GND                                 ; The post-fitting netlist is not being used.  Set the partition's netlist type to source. ;
; secondlayer:u_secondLayer|Add1~45                      ; post-fitting  ; missing   ; Top                            ; post-synthesis    ; GND                                 ; The post-fitting netlist is not being used.  Set the partition's netlist type to source. ;
; secondlayer:u_secondLayer|Add1~45                      ; post-fitting  ; missing   ; Top                            ; post-synthesis    ; GND                                 ; The post-fitting netlist is not being used.  Set the partition's netlist type to source. ;
; secondlayer:u_secondLayer|Add1~49                      ; post-fitting  ; missing   ; Top                            ; post-synthesis    ; GND                                 ; The post-fitting netlist is not being used.  Set the partition's netlist type to source. ;
; secondlayer:u_secondLayer|Add1~49                      ; post-fitting  ; missing   ; Top                            ; post-synthesis    ; GND                                 ; The post-fitting netlist is not being used.  Set the partition's netlist type to source. ;
; secondlayer:u_secondLayer|Add1~5                       ; post-fitting  ; missing   ; Top                            ; post-synthesis    ; GND                                 ; The post-fitting netlist is not being used.  Set the partition's netlist type to source. ;
; secondlayer:u_secondLayer|Add1~5                       ; post-fitting  ; missing   ; Top                            ; post-synthesis    ; GND                                 ; The post-fitting netlist is not being used.  Set the partition's netlist type to source. ;
; secondlayer:u_secondLayer|Add1~53                      ; post-fitting  ; missing   ; Top                            ; post-synthesis    ; GND                                 ; The post-fitting netlist is not being used.  Set the partition's netlist type to source. ;
; secondlayer:u_secondLayer|Add1~53                      ; post-fitting  ; missing   ; Top                            ; post-synthesis    ; GND                                 ; The post-fitting netlist is not being used.  Set the partition's netlist type to source. ;
; secondlayer:u_secondLayer|Add1~57                      ; post-fitting  ; missing   ; Top                            ; post-synthesis    ; GND                                 ; The post-fitting netlist is not being used.  Set the partition's netlist type to source. ;
; secondlayer:u_secondLayer|Add1~57                      ; post-fitting  ; missing   ; Top                            ; post-synthesis    ; GND                                 ; The post-fitting netlist is not being used.  Set the partition's netlist type to source. ;
; secondlayer:u_secondLayer|Add1~61                      ; post-fitting  ; missing   ; Top                            ; post-synthesis    ; GND                                 ; The post-fitting netlist is not being used.  Set the partition's netlist type to source. ;
; secondlayer:u_secondLayer|Add1~61                      ; post-fitting  ; missing   ; Top                            ; post-synthesis    ; GND                                 ; The post-fitting netlist is not being used.  Set the partition's netlist type to source. ;
; secondlayer:u_secondLayer|Add1~65                      ; post-fitting  ; missing   ; Top                            ; post-synthesis    ; GND                                 ; The post-fitting netlist is not being used.  Set the partition's netlist type to source. ;
; secondlayer:u_secondLayer|Add1~65                      ; post-fitting  ; missing   ; Top                            ; post-synthesis    ; GND                                 ; The post-fitting netlist is not being used.  Set the partition's netlist type to source. ;
; secondlayer:u_secondLayer|Add1~69                      ; post-fitting  ; missing   ; Top                            ; post-synthesis    ; GND                                 ; The post-fitting netlist is not being used.  Set the partition's netlist type to source. ;
; secondlayer:u_secondLayer|Add1~69                      ; post-fitting  ; missing   ; Top                            ; post-synthesis    ; GND                                 ; The post-fitting netlist is not being used.  Set the partition's netlist type to source. ;
; secondlayer:u_secondLayer|Add1~73                      ; post-fitting  ; missing   ; Top                            ; post-synthesis    ; GND                                 ; The post-fitting netlist is not being used.  Set the partition's netlist type to source. ;
; secondlayer:u_secondLayer|Add1~73                      ; post-fitting  ; missing   ; Top                            ; post-synthesis    ; GND                                 ; The post-fitting netlist is not being used.  Set the partition's netlist type to source. ;
; secondlayer:u_secondLayer|Add1~77                      ; post-fitting  ; missing   ; Top                            ; post-synthesis    ; GND                                 ; The post-fitting netlist is not being used.  Set the partition's netlist type to source. ;
; secondlayer:u_secondLayer|Add1~77                      ; post-fitting  ; missing   ; Top                            ; post-synthesis    ; GND                                 ; The post-fitting netlist is not being used.  Set the partition's netlist type to source. ;
; secondlayer:u_secondLayer|Add1~81                      ; post-fitting  ; missing   ; Top                            ; post-synthesis    ; GND                                 ; The post-fitting netlist is not being used.  Set the partition's netlist type to source. ;
; secondlayer:u_secondLayer|Add1~81                      ; post-fitting  ; missing   ; Top                            ; post-synthesis    ; GND                                 ; The post-fitting netlist is not being used.  Set the partition's netlist type to source. ;
; secondlayer:u_secondLayer|Add1~85                      ; post-fitting  ; missing   ; Top                            ; post-synthesis    ; GND                                 ; The post-fitting netlist is not being used.  Set the partition's netlist type to source. ;
; secondlayer:u_secondLayer|Add1~85                      ; post-fitting  ; missing   ; Top                            ; post-synthesis    ; GND                                 ; The post-fitting netlist is not being used.  Set the partition's netlist type to source. ;
; secondlayer:u_secondLayer|Add1~89                      ; post-fitting  ; missing   ; Top                            ; post-synthesis    ; GND                                 ; The post-fitting netlist is not being used.  Set the partition's netlist type to source. ;
; secondlayer:u_secondLayer|Add1~89                      ; post-fitting  ; missing   ; Top                            ; post-synthesis    ; GND                                 ; The post-fitting netlist is not being used.  Set the partition's netlist type to source. ;
; secondlayer:u_secondLayer|Add1~9                       ; post-fitting  ; missing   ; Top                            ; post-synthesis    ; GND                                 ; The post-fitting netlist is not being used.  Set the partition's netlist type to source. ;
; secondlayer:u_secondLayer|Add1~9                       ; post-fitting  ; missing   ; Top                            ; post-synthesis    ; GND                                 ; The post-fitting netlist is not being used.  Set the partition's netlist type to source. ;
; secondlayer:u_secondLayer|Add1~93                      ; post-fitting  ; missing   ; Top                            ; post-synthesis    ; GND                                 ; The post-fitting netlist is not being used.  Set the partition's netlist type to source. ;
; secondlayer:u_secondLayer|Add1~93                      ; post-fitting  ; missing   ; Top                            ; post-synthesis    ; GND                                 ; The post-fitting netlist is not being used.  Set the partition's netlist type to source. ;
; secondlayer:u_secondLayer|Add1~97                      ; post-fitting  ; missing   ; Top                            ; post-synthesis    ; GND                                 ; The post-fitting netlist is not being used.  Set the partition's netlist type to source. ;
; secondlayer:u_secondLayer|Add1~97                      ; post-fitting  ; missing   ; Top                            ; post-synthesis    ; GND                                 ; The post-fitting netlist is not being used.  Set the partition's netlist type to source. ;
; secondlayer:u_secondLayer|Add4~1                       ; post-fitting  ; missing   ; Top                            ; post-synthesis    ; GND                                 ; The post-fitting netlist is not being used.  Set the partition's netlist type to source. ;
; secondlayer:u_secondLayer|Add4~1                       ; post-fitting  ; missing   ; Top                            ; post-synthesis    ; GND                                 ; The post-fitting netlist is not being used.  Set the partition's netlist type to source. ;
; secondlayer:u_secondLayer|Add4~13                      ; post-fitting  ; missing   ; Top                            ; post-synthesis    ; GND                                 ; The post-fitting netlist is not being used.  Set the partition's netlist type to source. ;
; secondlayer:u_secondLayer|Add4~13                      ; post-fitting  ; missing   ; Top                            ; post-synthesis    ; GND                                 ; The post-fitting netlist is not being used.  Set the partition's netlist type to source. ;
; secondlayer:u_secondLayer|Add4~17                      ; post-fitting  ; missing   ; Top                            ; post-synthesis    ; GND                                 ; The post-fitting netlist is not being used.  Set the partition's netlist type to source. ;
; secondlayer:u_secondLayer|Add4~17                      ; post-fitting  ; missing   ; Top                            ; post-synthesis    ; GND                                 ; The post-fitting netlist is not being used.  Set the partition's netlist type to source. ;
; secondlayer:u_secondLayer|Add4~21                      ; post-fitting  ; missing   ; Top                            ; post-synthesis    ; GND                                 ; The post-fitting netlist is not being used.  Set the partition's netlist type to source. ;
; secondlayer:u_secondLayer|Add4~21                      ; post-fitting  ; missing   ; Top                            ; post-synthesis    ; GND                                 ; The post-fitting netlist is not being used.  Set the partition's netlist type to source. ;
; secondlayer:u_secondLayer|Add4~25                      ; post-fitting  ; missing   ; Top                            ; post-synthesis    ; GND                                 ; The post-fitting netlist is not being used.  Set the partition's netlist type to source. ;
; secondlayer:u_secondLayer|Add4~25                      ; post-fitting  ; missing   ; Top                            ; post-synthesis    ; GND                                 ; The post-fitting netlist is not being used.  Set the partition's netlist type to source. ;
; secondlayer:u_secondLayer|Add4~29                      ; post-fitting  ; missing   ; Top                            ; post-synthesis    ; GND                                 ; The post-fitting netlist is not being used.  Set the partition's netlist type to source. ;
; secondlayer:u_secondLayer|Add4~29                      ; post-fitting  ; missing   ; Top                            ; post-synthesis    ; GND                                 ; The post-fitting netlist is not being used.  Set the partition's netlist type to source. ;
; secondlayer:u_secondLayer|Add4~33                      ; post-fitting  ; missing   ; Top                            ; post-synthesis    ; GND                                 ; The post-fitting netlist is not being used.  Set the partition's netlist type to source. ;
; secondlayer:u_secondLayer|Add4~33                      ; post-fitting  ; missing   ; Top                            ; post-synthesis    ; GND                                 ; The post-fitting netlist is not being used.  Set the partition's netlist type to source. ;
; secondlayer:u_secondLayer|Add4~37                      ; post-fitting  ; missing   ; Top                            ; post-synthesis    ; GND                                 ; The post-fitting netlist is not being used.  Set the partition's netlist type to source. ;
; secondlayer:u_secondLayer|Add4~37                      ; post-fitting  ; missing   ; Top                            ; post-synthesis    ; GND                                 ; The post-fitting netlist is not being used.  Set the partition's netlist type to source. ;
; secondlayer:u_secondLayer|Add4~5                       ; post-fitting  ; missing   ; Top                            ; post-synthesis    ; GND                                 ; The post-fitting netlist is not being used.  Set the partition's netlist type to source. ;
; secondlayer:u_secondLayer|Add4~5                       ; post-fitting  ; missing   ; Top                            ; post-synthesis    ; GND                                 ; The post-fitting netlist is not being used.  Set the partition's netlist type to source. ;
; secondlayer:u_secondLayer|Add4~9                       ; post-fitting  ; missing   ; Top                            ; post-synthesis    ; GND                                 ; The post-fitting netlist is not being used.  Set the partition's netlist type to source. ;
; secondlayer:u_secondLayer|Add4~9                       ; post-fitting  ; missing   ; Top                            ; post-synthesis    ; GND                                 ; The post-fitting netlist is not being used.  Set the partition's netlist type to source. ;
; secondlayer:u_secondLayer|Decoder0~0                   ; post-fitting  ; missing   ; Top                            ; post-synthesis    ; GND                                 ; The post-fitting netlist is not being used.  Set the partition's netlist type to source. ;
; secondlayer:u_secondLayer|Decoder0~0                   ; post-fitting  ; missing   ; Top                            ; post-synthesis    ; GND                                 ; The post-fitting netlist is not being used.  Set the partition's netlist type to source. ;
; secondlayer:u_secondLayer|Decoder0~1                   ; post-fitting  ; missing   ; Top                            ; post-synthesis    ; GND                                 ; The post-fitting netlist is not being used.  Set the partition's netlist type to source. ;
; secondlayer:u_secondLayer|Decoder0~1                   ; post-fitting  ; missing   ; Top                            ; post-synthesis    ; GND                                 ; The post-fitting netlist is not being used.  Set the partition's netlist type to source. ;
; secondlayer:u_secondLayer|Decoder0~10                  ; post-fitting  ; missing   ; Top                            ; post-synthesis    ; GND                                 ; The post-fitting netlist is not being used.  Set the partition's netlist type to source. ;
; secondlayer:u_secondLayer|Decoder0~10                  ; post-fitting  ; missing   ; Top                            ; post-synthesis    ; GND                                 ; The post-fitting netlist is not being used.  Set the partition's netlist type to source. ;
; secondlayer:u_secondLayer|Decoder0~11                  ; post-fitting  ; missing   ; Top                            ; post-synthesis    ; GND                                 ; The post-fitting netlist is not being used.  Set the partition's netlist type to source. ;
; secondlayer:u_secondLayer|Decoder0~11                  ; post-fitting  ; missing   ; Top                            ; post-synthesis    ; GND                                 ; The post-fitting netlist is not being used.  Set the partition's netlist type to source. ;
; secondlayer:u_secondLayer|Decoder0~2                   ; post-fitting  ; missing   ; Top                            ; post-synthesis    ; GND                                 ; The post-fitting netlist is not being used.  Set the partition's netlist type to source. ;
; secondlayer:u_secondLayer|Decoder0~2                   ; post-fitting  ; missing   ; Top                            ; post-synthesis    ; GND                                 ; The post-fitting netlist is not being used.  Set the partition's netlist type to source. ;
; secondlayer:u_secondLayer|Decoder0~3                   ; post-fitting  ; missing   ; Top                            ; post-synthesis    ; GND                                 ; The post-fitting netlist is not being used.  Set the partition's netlist type to source. ;
; secondlayer:u_secondLayer|Decoder0~3                   ; post-fitting  ; missing   ; Top                            ; post-synthesis    ; GND                                 ; The post-fitting netlist is not being used.  Set the partition's netlist type to source. ;
; secondlayer:u_secondLayer|Decoder0~4                   ; post-fitting  ; missing   ; Top                            ; post-synthesis    ; GND                                 ; The post-fitting netlist is not being used.  Set the partition's netlist type to source. ;
; secondlayer:u_secondLayer|Decoder0~4                   ; post-fitting  ; missing   ; Top                            ; post-synthesis    ; GND                                 ; The post-fitting netlist is not being used.  Set the partition's netlist type to source. ;
; secondlayer:u_secondLayer|Decoder0~5                   ; post-fitting  ; missing   ; Top                            ; post-synthesis    ; GND                                 ; The post-fitting netlist is not being used.  Set the partition's netlist type to source. ;
; secondlayer:u_secondLayer|Decoder0~5                   ; post-fitting  ; missing   ; Top                            ; post-synthesis    ; GND                                 ; The post-fitting netlist is not being used.  Set the partition's netlist type to source. ;
; secondlayer:u_secondLayer|Decoder0~6                   ; post-fitting  ; missing   ; Top                            ; post-synthesis    ; GND                                 ; The post-fitting netlist is not being used.  Set the partition's netlist type to source. ;
; secondlayer:u_secondLayer|Decoder0~6                   ; post-fitting  ; missing   ; Top                            ; post-synthesis    ; GND                                 ; The post-fitting netlist is not being used.  Set the partition's netlist type to source. ;
; secondlayer:u_secondLayer|Decoder0~7                   ; post-fitting  ; missing   ; Top                            ; post-synthesis    ; GND                                 ; The post-fitting netlist is not being used.  Set the partition's netlist type to source. ;
; secondlayer:u_secondLayer|Decoder0~7                   ; post-fitting  ; missing   ; Top                            ; post-synthesis    ; GND                                 ; The post-fitting netlist is not being used.  Set the partition's netlist type to source. ;
; secondlayer:u_secondLayer|Decoder0~8                   ; post-fitting  ; missing   ; Top                            ; post-synthesis    ; GND                                 ; The post-fitting netlist is not being used.  Set the partition's netlist type to source. ;
; secondlayer:u_secondLayer|Decoder0~8                   ; post-fitting  ; missing   ; Top                            ; post-synthesis    ; GND                                 ; The post-fitting netlist is not being used.  Set the partition's netlist type to source. ;
; secondlayer:u_secondLayer|Decoder0~9                   ; post-fitting  ; missing   ; Top                            ; post-synthesis    ; GND                                 ; The post-fitting netlist is not being used.  Set the partition's netlist type to source. ;
; secondlayer:u_secondLayer|Decoder0~9                   ; post-fitting  ; missing   ; Top                            ; post-synthesis    ; GND                                 ; The post-fitting netlist is not being used.  Set the partition's netlist type to source. ;
; secondlayer:u_secondLayer|Equal2~0                     ; post-fitting  ; missing   ; Top                            ; post-synthesis    ; GND                                 ; The post-fitting netlist is not being used.  Set the partition's netlist type to source. ;
; secondlayer:u_secondLayer|Equal2~0                     ; post-fitting  ; missing   ; Top                            ; post-synthesis    ; GND                                 ; The post-fitting netlist is not being used.  Set the partition's netlist type to source. ;
; secondlayer:u_secondLayer|Equal2~1                     ; post-fitting  ; missing   ; Top                            ; post-synthesis    ; GND                                 ; The post-fitting netlist is not being used.  Set the partition's netlist type to source. ;
; secondlayer:u_secondLayer|Equal2~1                     ; post-fitting  ; missing   ; Top                            ; post-synthesis    ; GND                                 ; The post-fitting netlist is not being used.  Set the partition's netlist type to source. ;
; secondlayer:u_secondLayer|Equal2~2                     ; post-fitting  ; missing   ; Top                            ; post-synthesis    ; GND                                 ; The post-fitting netlist is not being used.  Set the partition's netlist type to source. ;
; secondlayer:u_secondLayer|Equal2~2                     ; post-fitting  ; missing   ; Top                            ; post-synthesis    ; GND                                 ; The post-fitting netlist is not being used.  Set the partition's netlist type to source. ;
; secondlayer:u_secondLayer|Equal3~0                     ; post-fitting  ; missing   ; Top                            ; post-synthesis    ; GND                                 ; The post-fitting netlist is not being used.  Set the partition's netlist type to source. ;
; secondlayer:u_secondLayer|Equal3~0                     ; post-fitting  ; missing   ; Top                            ; post-synthesis    ; GND                                 ; The post-fitting netlist is not being used.  Set the partition's netlist type to source. ;
; secondlayer:u_secondLayer|Equal3~1                     ; post-fitting  ; missing   ; Top                            ; post-synthesis    ; GND                                 ; The post-fitting netlist is not being used.  Set the partition's netlist type to source. ;
; secondlayer:u_secondLayer|Equal3~1                     ; post-fitting  ; missing   ; Top                            ; post-synthesis    ; GND                                 ; The post-fitting netlist is not being used.  Set the partition's netlist type to source. ;
; secondlayer:u_secondLayer|LessThan0~0                  ; post-fitting  ; missing   ; Top                            ; post-synthesis    ; GND                                 ; The post-fitting netlist is not being used.  Set the partition's netlist type to source. ;
; secondlayer:u_secondLayer|LessThan0~0                  ; post-fitting  ; missing   ; Top                            ; post-synthesis    ; GND                                 ; The post-fitting netlist is not being used.  Set the partition's netlist type to source. ;
; secondlayer:u_secondLayer|Mult0~314                    ; post-fitting  ; missing   ; Top                            ; post-synthesis    ; GND                                 ; The post-fitting netlist is not being used.  Set the partition's netlist type to source. ;
; secondlayer:u_secondLayer|Mult0~314                    ; post-fitting  ; missing   ; Top                            ; post-synthesis    ; GND                                 ; The post-fitting netlist is not being used.  Set the partition's netlist type to source. ;
; secondlayer:u_secondLayer|Mult0~315                    ; post-fitting  ; missing   ; Top                            ; post-synthesis    ; GND                                 ; The post-fitting netlist is not being used.  Set the partition's netlist type to source. ;
; secondlayer:u_secondLayer|Mult0~315                    ; post-fitting  ; missing   ; Top                            ; post-synthesis    ; GND                                 ; The post-fitting netlist is not being used.  Set the partition's netlist type to source. ;
; secondlayer:u_secondLayer|Mult0~316                    ; post-fitting  ; missing   ; Top                            ; post-synthesis    ; GND                                 ; The post-fitting netlist is not being used.  Set the partition's netlist type to source. ;
; secondlayer:u_secondLayer|Mult0~316                    ; post-fitting  ; missing   ; Top                            ; post-synthesis    ; GND                                 ; The post-fitting netlist is not being used.  Set the partition's netlist type to source. ;
; secondlayer:u_secondLayer|Mult0~317                    ; post-fitting  ; missing   ; Top                            ; post-synthesis    ; GND                                 ; The post-fitting netlist is not being used.  Set the partition's netlist type to source. ;
; secondlayer:u_secondLayer|Mult0~317                    ; post-fitting  ; missing   ; Top                            ; post-synthesis    ; GND                                 ; The post-fitting netlist is not being used.  Set the partition's netlist type to source. ;
; secondlayer:u_secondLayer|Mult0~318                    ; post-fitting  ; missing   ; Top                            ; post-synthesis    ; GND                                 ; The post-fitting netlist is not being used.  Set the partition's netlist type to source. ;
; secondlayer:u_secondLayer|Mult0~318                    ; post-fitting  ; missing   ; Top                            ; post-synthesis    ; GND                                 ; The post-fitting netlist is not being used.  Set the partition's netlist type to source. ;
; secondlayer:u_secondLayer|Mult0~319                    ; post-fitting  ; missing   ; Top                            ; post-synthesis    ; GND                                 ; The post-fitting netlist is not being used.  Set the partition's netlist type to source. ;
; secondlayer:u_secondLayer|Mult0~319                    ; post-fitting  ; missing   ; Top                            ; post-synthesis    ; GND                                 ; The post-fitting netlist is not being used.  Set the partition's netlist type to source. ;
; secondlayer:u_secondLayer|Mult0~320                    ; post-fitting  ; missing   ; Top                            ; post-synthesis    ; GND                                 ; The post-fitting netlist is not being used.  Set the partition's netlist type to source. ;
; secondlayer:u_secondLayer|Mult0~320                    ; post-fitting  ; missing   ; Top                            ; post-synthesis    ; GND                                 ; The post-fitting netlist is not being used.  Set the partition's netlist type to source. ;
; secondlayer:u_secondLayer|Mult0~321                    ; post-fitting  ; missing   ; Top                            ; post-synthesis    ; GND                                 ; The post-fitting netlist is not being used.  Set the partition's netlist type to source. ;
; secondlayer:u_secondLayer|Mult0~321                    ; post-fitting  ; missing   ; Top                            ; post-synthesis    ; GND                                 ; The post-fitting netlist is not being used.  Set the partition's netlist type to source. ;
; secondlayer:u_secondLayer|Mult0~322                    ; post-fitting  ; missing   ; Top                            ; post-synthesis    ; GND                                 ; The post-fitting netlist is not being used.  Set the partition's netlist type to source. ;
; secondlayer:u_secondLayer|Mult0~322                    ; post-fitting  ; missing   ; Top                            ; post-synthesis    ; GND                                 ; The post-fitting netlist is not being used.  Set the partition's netlist type to source. ;
; secondlayer:u_secondLayer|Mult0~323                    ; post-fitting  ; missing   ; Top                            ; post-synthesis    ; GND                                 ; The post-fitting netlist is not being used.  Set the partition's netlist type to source. ;
; secondlayer:u_secondLayer|Mult0~323                    ; post-fitting  ; missing   ; Top                            ; post-synthesis    ; GND                                 ; The post-fitting netlist is not being used.  Set the partition's netlist type to source. ;
; secondlayer:u_secondLayer|Mult0~324                    ; post-fitting  ; missing   ; Top                            ; post-synthesis    ; GND                                 ; The post-fitting netlist is not being used.  Set the partition's netlist type to source. ;
; secondlayer:u_secondLayer|Mult0~324                    ; post-fitting  ; missing   ; Top                            ; post-synthesis    ; GND                                 ; The post-fitting netlist is not being used.  Set the partition's netlist type to source. ;
; secondlayer:u_secondLayer|Mult0~325                    ; post-fitting  ; missing   ; Top                            ; post-synthesis    ; GND                                 ; The post-fitting netlist is not being used.  Set the partition's netlist type to source. ;
; secondlayer:u_secondLayer|Mult0~325                    ; post-fitting  ; missing   ; Top                            ; post-synthesis    ; GND                                 ; The post-fitting netlist is not being used.  Set the partition's netlist type to source. ;
; secondlayer:u_secondLayer|Mult0~326                    ; post-fitting  ; missing   ; Top                            ; post-synthesis    ; GND                                 ; The post-fitting netlist is not being used.  Set the partition's netlist type to source. ;
; secondlayer:u_secondLayer|Mult0~326                    ; post-fitting  ; missing   ; Top                            ; post-synthesis    ; GND                                 ; The post-fitting netlist is not being used.  Set the partition's netlist type to source. ;
; secondlayer:u_secondLayer|Mult0~327                    ; post-fitting  ; missing   ; Top                            ; post-synthesis    ; GND                                 ; The post-fitting netlist is not being used.  Set the partition's netlist type to source. ;
; secondlayer:u_secondLayer|Mult0~327                    ; post-fitting  ; missing   ; Top                            ; post-synthesis    ; GND                                 ; The post-fitting netlist is not being used.  Set the partition's netlist type to source. ;
; secondlayer:u_secondLayer|Mult0~328                    ; post-fitting  ; missing   ; Top                            ; post-synthesis    ; GND                                 ; The post-fitting netlist is not being used.  Set the partition's netlist type to source. ;
; secondlayer:u_secondLayer|Mult0~328                    ; post-fitting  ; missing   ; Top                            ; post-synthesis    ; GND                                 ; The post-fitting netlist is not being used.  Set the partition's netlist type to source. ;
; secondlayer:u_secondLayer|Mult0~329                    ; post-fitting  ; missing   ; Top                            ; post-synthesis    ; GND                                 ; The post-fitting netlist is not being used.  Set the partition's netlist type to source. ;
; secondlayer:u_secondLayer|Mult0~329                    ; post-fitting  ; missing   ; Top                            ; post-synthesis    ; GND                                 ; The post-fitting netlist is not being used.  Set the partition's netlist type to source. ;
; secondlayer:u_secondLayer|Mult0~330                    ; post-fitting  ; missing   ; Top                            ; post-synthesis    ; GND                                 ; The post-fitting netlist is not being used.  Set the partition's netlist type to source. ;
; secondlayer:u_secondLayer|Mult0~330                    ; post-fitting  ; missing   ; Top                            ; post-synthesis    ; GND                                 ; The post-fitting netlist is not being used.  Set the partition's netlist type to source. ;
; secondlayer:u_secondLayer|Mult0~331                    ; post-fitting  ; missing   ; Top                            ; post-synthesis    ; GND                                 ; The post-fitting netlist is not being used.  Set the partition's netlist type to source. ;
; secondlayer:u_secondLayer|Mult0~331                    ; post-fitting  ; missing   ; Top                            ; post-synthesis    ; GND                                 ; The post-fitting netlist is not being used.  Set the partition's netlist type to source. ;
; secondlayer:u_secondLayer|Mult0~332                    ; post-fitting  ; missing   ; Top                            ; post-synthesis    ; GND                                 ; The post-fitting netlist is not being used.  Set the partition's netlist type to source. ;
; secondlayer:u_secondLayer|Mult0~332                    ; post-fitting  ; missing   ; Top                            ; post-synthesis    ; GND                                 ; The post-fitting netlist is not being used.  Set the partition's netlist type to source. ;
; secondlayer:u_secondLayer|Mult0~333                    ; post-fitting  ; missing   ; Top                            ; post-synthesis    ; GND                                 ; The post-fitting netlist is not being used.  Set the partition's netlist type to source. ;
; secondlayer:u_secondLayer|Mult0~333                    ; post-fitting  ; missing   ; Top                            ; post-synthesis    ; GND                                 ; The post-fitting netlist is not being used.  Set the partition's netlist type to source. ;
; secondlayer:u_secondLayer|Mult0~334                    ; post-fitting  ; missing   ; Top                            ; post-synthesis    ; GND                                 ; The post-fitting netlist is not being used.  Set the partition's netlist type to source. ;
; secondlayer:u_secondLayer|Mult0~334                    ; post-fitting  ; missing   ; Top                            ; post-synthesis    ; GND                                 ; The post-fitting netlist is not being used.  Set the partition's netlist type to source. ;
; secondlayer:u_secondLayer|Mult0~335                    ; post-fitting  ; missing   ; Top                            ; post-synthesis    ; GND                                 ; The post-fitting netlist is not being used.  Set the partition's netlist type to source. ;
; secondlayer:u_secondLayer|Mult0~335                    ; post-fitting  ; missing   ; Top                            ; post-synthesis    ; GND                                 ; The post-fitting netlist is not being used.  Set the partition's netlist type to source. ;
; secondlayer:u_secondLayer|Mult0~336                    ; post-fitting  ; missing   ; Top                            ; post-synthesis    ; GND                                 ; The post-fitting netlist is not being used.  Set the partition's netlist type to source. ;
; secondlayer:u_secondLayer|Mult0~336                    ; post-fitting  ; missing   ; Top                            ; post-synthesis    ; GND                                 ; The post-fitting netlist is not being used.  Set the partition's netlist type to source. ;
; secondlayer:u_secondLayer|Mult0~337                    ; post-fitting  ; missing   ; Top                            ; post-synthesis    ; GND                                 ; The post-fitting netlist is not being used.  Set the partition's netlist type to source. ;
; secondlayer:u_secondLayer|Mult0~337                    ; post-fitting  ; missing   ; Top                            ; post-synthesis    ; GND                                 ; The post-fitting netlist is not being used.  Set the partition's netlist type to source. ;
; secondlayer:u_secondLayer|Mult0~338                    ; post-fitting  ; missing   ; Top                            ; post-synthesis    ; GND                                 ; The post-fitting netlist is not being used.  Set the partition's netlist type to source. ;
; secondlayer:u_secondLayer|Mult0~338                    ; post-fitting  ; missing   ; Top                            ; post-synthesis    ; GND                                 ; The post-fitting netlist is not being used.  Set the partition's netlist type to source. ;
; secondlayer:u_secondLayer|Mult0~339                    ; post-fitting  ; missing   ; Top                            ; post-synthesis    ; GND                                 ; The post-fitting netlist is not being used.  Set the partition's netlist type to source. ;
; secondlayer:u_secondLayer|Mult0~339                    ; post-fitting  ; missing   ; Top                            ; post-synthesis    ; GND                                 ; The post-fitting netlist is not being used.  Set the partition's netlist type to source. ;
; secondlayer:u_secondLayer|Mult0~mac                    ; post-fitting  ; missing   ; Top                            ; post-synthesis    ; GND                                 ; The post-fitting netlist is not being used.  Set the partition's netlist type to source. ;
; secondlayer:u_secondLayer|Mult0~mac                    ; post-fitting  ; missing   ; Top                            ; post-synthesis    ; GND                                 ; The post-fitting netlist is not being used.  Set the partition's netlist type to source. ;
; secondlayer:u_secondLayer|Selector1~0                  ; post-fitting  ; missing   ; Top                            ; post-synthesis    ; GND                                 ; The post-fitting netlist is not being used.  Set the partition's netlist type to source. ;
; secondlayer:u_secondLayer|Selector1~0                  ; post-fitting  ; missing   ; Top                            ; post-synthesis    ; GND                                 ; The post-fitting netlist is not being used.  Set the partition's netlist type to source. ;
; secondlayer:u_secondLayer|Selector2~0                  ; post-fitting  ; missing   ; Top                            ; post-synthesis    ; GND                                 ; The post-fitting netlist is not being used.  Set the partition's netlist type to source. ;
; secondlayer:u_secondLayer|Selector2~0                  ; post-fitting  ; missing   ; Top                            ; post-synthesis    ; GND                                 ; The post-fitting netlist is not being used.  Set the partition's netlist type to source. ;
; secondlayer:u_secondLayer|Selector3~0                  ; post-fitting  ; missing   ; Top                            ; post-synthesis    ; GND                                 ; The post-fitting netlist is not being used.  Set the partition's netlist type to source. ;
; secondlayer:u_secondLayer|Selector3~0                  ; post-fitting  ; missing   ; Top                            ; post-synthesis    ; GND                                 ; The post-fitting netlist is not being used.  Set the partition's netlist type to source. ;
; secondlayer:u_secondLayer|Selector3~1                  ; post-fitting  ; missing   ; Top                            ; post-synthesis    ; GND                                 ; The post-fitting netlist is not being used.  Set the partition's netlist type to source. ;
; secondlayer:u_secondLayer|Selector3~1                  ; post-fitting  ; missing   ; Top                            ; post-synthesis    ; GND                                 ; The post-fitting netlist is not being used.  Set the partition's netlist type to source. ;
; secondlayer:u_secondLayer|Selector3~2                  ; post-fitting  ; missing   ; Top                            ; post-synthesis    ; GND                                 ; The post-fitting netlist is not being used.  Set the partition's netlist type to source. ;
; secondlayer:u_secondLayer|Selector3~2                  ; post-fitting  ; missing   ; Top                            ; post-synthesis    ; GND                                 ; The post-fitting netlist is not being used.  Set the partition's netlist type to source. ;
; secondlayer:u_secondLayer|activation                   ; post-fitting  ; missing   ; Top                            ; post-synthesis    ; GND                                 ; The post-fitting netlist is not being used.  Set the partition's netlist type to source. ;
; secondlayer:u_secondLayer|activation                   ; post-fitting  ; missing   ; Top                            ; post-synthesis    ; GND                                 ; The post-fitting netlist is not being used.  Set the partition's netlist type to source. ;
; secondlayer:u_secondLayer|activation~feeder            ; post-fitting  ; missing   ; Top                            ; post-synthesis    ; GND                                 ; The post-fitting netlist is not being used.  Set the partition's netlist type to source. ;
; secondlayer:u_secondLayer|activation~feeder            ; post-fitting  ; missing   ; Top                            ; post-synthesis    ; GND                                 ; The post-fitting netlist is not being used.  Set the partition's netlist type to source. ;
; secondlayer:u_secondLayer|always0~0                    ; post-fitting  ; missing   ; Top                            ; post-synthesis    ; GND                                 ; The post-fitting netlist is not being used.  Set the partition's netlist type to source. ;
; secondlayer:u_secondLayer|always0~0                    ; post-fitting  ; missing   ; Top                            ; post-synthesis    ; GND                                 ; The post-fitting netlist is not being used.  Set the partition's netlist type to source. ;
; secondlayer:u_secondLayer|always0~1                    ; post-fitting  ; missing   ; Top                            ; post-synthesis    ; GND                                 ; The post-fitting netlist is not being used.  Set the partition's netlist type to source. ;
; secondlayer:u_secondLayer|always0~1                    ; post-fitting  ; missing   ; Top                            ; post-synthesis    ; GND                                 ; The post-fitting netlist is not being used.  Set the partition's netlist type to source. ;
; secondlayer:u_secondLayer|answer[0][0]~feeder          ; post-fitting  ; missing   ; Top                            ; post-synthesis    ; GND                                 ; The post-fitting netlist is not being used.  Set the partition's netlist type to source. ;
; secondlayer:u_secondLayer|answer[0][0]~feeder          ; post-fitting  ; missing   ; Top                            ; post-synthesis    ; GND                                 ; The post-fitting netlist is not being used.  Set the partition's netlist type to source. ;
; secondlayer:u_secondLayer|answer[0][10]~feeder         ; post-fitting  ; missing   ; Top                            ; post-synthesis    ; GND                                 ; The post-fitting netlist is not being used.  Set the partition's netlist type to source. ;
; secondlayer:u_secondLayer|answer[0][10]~feeder         ; post-fitting  ; missing   ; Top                            ; post-synthesis    ; GND                                 ; The post-fitting netlist is not being used.  Set the partition's netlist type to source. ;
; secondlayer:u_secondLayer|answer[0][12]~feeder         ; post-fitting  ; missing   ; Top                            ; post-synthesis    ; GND                                 ; The post-fitting netlist is not being used.  Set the partition's netlist type to source. ;
; secondlayer:u_secondLayer|answer[0][12]~feeder         ; post-fitting  ; missing   ; Top                            ; post-synthesis    ; GND                                 ; The post-fitting netlist is not being used.  Set the partition's netlist type to source. ;
; secondlayer:u_secondLayer|answer[0][13]~feeder         ; post-fitting  ; missing   ; Top                            ; post-synthesis    ; GND                                 ; The post-fitting netlist is not being used.  Set the partition's netlist type to source. ;
; secondlayer:u_secondLayer|answer[0][13]~feeder         ; post-fitting  ; missing   ; Top                            ; post-synthesis    ; GND                                 ; The post-fitting netlist is not being used.  Set the partition's netlist type to source. ;
; secondlayer:u_secondLayer|answer[0][14]~feeder         ; post-fitting  ; missing   ; Top                            ; post-synthesis    ; GND                                 ; The post-fitting netlist is not being used.  Set the partition's netlist type to source. ;
; secondlayer:u_secondLayer|answer[0][14]~feeder         ; post-fitting  ; missing   ; Top                            ; post-synthesis    ; GND                                 ; The post-fitting netlist is not being used.  Set the partition's netlist type to source. ;
; secondlayer:u_secondLayer|answer[0][15]~feeder         ; post-fitting  ; missing   ; Top                            ; post-synthesis    ; GND                                 ; The post-fitting netlist is not being used.  Set the partition's netlist type to source. ;
; secondlayer:u_secondLayer|answer[0][15]~feeder         ; post-fitting  ; missing   ; Top                            ; post-synthesis    ; GND                                 ; The post-fitting netlist is not being used.  Set the partition's netlist type to source. ;
; secondlayer:u_secondLayer|answer[0][1]~feeder          ; post-fitting  ; missing   ; Top                            ; post-synthesis    ; GND                                 ; The post-fitting netlist is not being used.  Set the partition's netlist type to source. ;
; secondlayer:u_secondLayer|answer[0][1]~feeder          ; post-fitting  ; missing   ; Top                            ; post-synthesis    ; GND                                 ; The post-fitting netlist is not being used.  Set the partition's netlist type to source. ;
; secondlayer:u_secondLayer|answer[0][26]~feeder         ; post-fitting  ; missing   ; Top                            ; post-synthesis    ; GND                                 ; The post-fitting netlist is not being used.  Set the partition's netlist type to source. ;
; secondlayer:u_secondLayer|answer[0][26]~feeder         ; post-fitting  ; missing   ; Top                            ; post-synthesis    ; GND                                 ; The post-fitting netlist is not being used.  Set the partition's netlist type to source. ;
; secondlayer:u_secondLayer|answer[0][4]~feeder          ; post-fitting  ; missing   ; Top                            ; post-synthesis    ; GND                                 ; The post-fitting netlist is not being used.  Set the partition's netlist type to source. ;
; secondlayer:u_secondLayer|answer[0][4]~feeder          ; post-fitting  ; missing   ; Top                            ; post-synthesis    ; GND                                 ; The post-fitting netlist is not being used.  Set the partition's netlist type to source. ;
; secondlayer:u_secondLayer|answer[0][5]~feeder          ; post-fitting  ; missing   ; Top                            ; post-synthesis    ; GND                                 ; The post-fitting netlist is not being used.  Set the partition's netlist type to source. ;
; secondlayer:u_secondLayer|answer[0][5]~feeder          ; post-fitting  ; missing   ; Top                            ; post-synthesis    ; GND                                 ; The post-fitting netlist is not being used.  Set the partition's netlist type to source. ;
; secondlayer:u_secondLayer|answer[0][7]~feeder          ; post-fitting  ; missing   ; Top                            ; post-synthesis    ; GND                                 ; The post-fitting netlist is not being used.  Set the partition's netlist type to source. ;
; secondlayer:u_secondLayer|answer[0][7]~feeder          ; post-fitting  ; missing   ; Top                            ; post-synthesis    ; GND                                 ; The post-fitting netlist is not being used.  Set the partition's netlist type to source. ;
; secondlayer:u_secondLayer|answer[0][8]~feeder          ; post-fitting  ; missing   ; Top                            ; post-synthesis    ; GND                                 ; The post-fitting netlist is not being used.  Set the partition's netlist type to source. ;
; secondlayer:u_secondLayer|answer[0][8]~feeder          ; post-fitting  ; missing   ; Top                            ; post-synthesis    ; GND                                 ; The post-fitting netlist is not being used.  Set the partition's netlist type to source. ;
; secondlayer:u_secondLayer|answer[0][9]~feeder          ; post-fitting  ; missing   ; Top                            ; post-synthesis    ; GND                                 ; The post-fitting netlist is not being used.  Set the partition's netlist type to source. ;
; secondlayer:u_secondLayer|answer[0][9]~feeder          ; post-fitting  ; missing   ; Top                            ; post-synthesis    ; GND                                 ; The post-fitting netlist is not being used.  Set the partition's netlist type to source. ;
; secondlayer:u_secondLayer|answer[1][0]~feeder          ; post-fitting  ; missing   ; Top                            ; post-synthesis    ; GND                                 ; The post-fitting netlist is not being used.  Set the partition's netlist type to source. ;
; secondlayer:u_secondLayer|answer[1][0]~feeder          ; post-fitting  ; missing   ; Top                            ; post-synthesis    ; GND                                 ; The post-fitting netlist is not being used.  Set the partition's netlist type to source. ;
; secondlayer:u_secondLayer|answer[1][10]~feeder         ; post-fitting  ; missing   ; Top                            ; post-synthesis    ; GND                                 ; The post-fitting netlist is not being used.  Set the partition's netlist type to source. ;
; secondlayer:u_secondLayer|answer[1][10]~feeder         ; post-fitting  ; missing   ; Top                            ; post-synthesis    ; GND                                 ; The post-fitting netlist is not being used.  Set the partition's netlist type to source. ;
; secondlayer:u_secondLayer|answer[1][12]~feeder         ; post-fitting  ; missing   ; Top                            ; post-synthesis    ; GND                                 ; The post-fitting netlist is not being used.  Set the partition's netlist type to source. ;
; secondlayer:u_secondLayer|answer[1][12]~feeder         ; post-fitting  ; missing   ; Top                            ; post-synthesis    ; GND                                 ; The post-fitting netlist is not being used.  Set the partition's netlist type to source. ;
; secondlayer:u_secondLayer|answer[1][13]~feeder         ; post-fitting  ; missing   ; Top                            ; post-synthesis    ; GND                                 ; The post-fitting netlist is not being used.  Set the partition's netlist type to source. ;
; secondlayer:u_secondLayer|answer[1][13]~feeder         ; post-fitting  ; missing   ; Top                            ; post-synthesis    ; GND                                 ; The post-fitting netlist is not being used.  Set the partition's netlist type to source. ;
; secondlayer:u_secondLayer|answer[1][14]~feeder         ; post-fitting  ; missing   ; Top                            ; post-synthesis    ; GND                                 ; The post-fitting netlist is not being used.  Set the partition's netlist type to source. ;
; secondlayer:u_secondLayer|answer[1][14]~feeder         ; post-fitting  ; missing   ; Top                            ; post-synthesis    ; GND                                 ; The post-fitting netlist is not being used.  Set the partition's netlist type to source. ;
; secondlayer:u_secondLayer|answer[1][15]~feeder         ; post-fitting  ; missing   ; Top                            ; post-synthesis    ; GND                                 ; The post-fitting netlist is not being used.  Set the partition's netlist type to source. ;
; secondlayer:u_secondLayer|answer[1][15]~feeder         ; post-fitting  ; missing   ; Top                            ; post-synthesis    ; GND                                 ; The post-fitting netlist is not being used.  Set the partition's netlist type to source. ;
; secondlayer:u_secondLayer|answer[1][16]~feeder         ; post-fitting  ; missing   ; Top                            ; post-synthesis    ; GND                                 ; The post-fitting netlist is not being used.  Set the partition's netlist type to source. ;
; secondlayer:u_secondLayer|answer[1][16]~feeder         ; post-fitting  ; missing   ; Top                            ; post-synthesis    ; GND                                 ; The post-fitting netlist is not being used.  Set the partition's netlist type to source. ;
; secondlayer:u_secondLayer|answer[1][18]~feeder         ; post-fitting  ; missing   ; Top                            ; post-synthesis    ; GND                                 ; The post-fitting netlist is not being used.  Set the partition's netlist type to source. ;
; secondlayer:u_secondLayer|answer[1][18]~feeder         ; post-fitting  ; missing   ; Top                            ; post-synthesis    ; GND                                 ; The post-fitting netlist is not being used.  Set the partition's netlist type to source. ;
; secondlayer:u_secondLayer|answer[1][1]~feeder          ; post-fitting  ; missing   ; Top                            ; post-synthesis    ; GND                                 ; The post-fitting netlist is not being used.  Set the partition's netlist type to source. ;
; secondlayer:u_secondLayer|answer[1][1]~feeder          ; post-fitting  ; missing   ; Top                            ; post-synthesis    ; GND                                 ; The post-fitting netlist is not being used.  Set the partition's netlist type to source. ;
; secondlayer:u_secondLayer|answer[1][23]~feeder         ; post-fitting  ; missing   ; Top                            ; post-synthesis    ; GND                                 ; The post-fitting netlist is not being used.  Set the partition's netlist type to source. ;
; secondlayer:u_secondLayer|answer[1][23]~feeder         ; post-fitting  ; missing   ; Top                            ; post-synthesis    ; GND                                 ; The post-fitting netlist is not being used.  Set the partition's netlist type to source. ;
; secondlayer:u_secondLayer|answer[1][24]~feeder         ; post-fitting  ; missing   ; Top                            ; post-synthesis    ; GND                                 ; The post-fitting netlist is not being used.  Set the partition's netlist type to source. ;
; secondlayer:u_secondLayer|answer[1][24]~feeder         ; post-fitting  ; missing   ; Top                            ; post-synthesis    ; GND                                 ; The post-fitting netlist is not being used.  Set the partition's netlist type to source. ;
; secondlayer:u_secondLayer|answer[1][26]~feeder         ; post-fitting  ; missing   ; Top                            ; post-synthesis    ; GND                                 ; The post-fitting netlist is not being used.  Set the partition's netlist type to source. ;
; secondlayer:u_secondLayer|answer[1][26]~feeder         ; post-fitting  ; missing   ; Top                            ; post-synthesis    ; GND                                 ; The post-fitting netlist is not being used.  Set the partition's netlist type to source. ;
; secondlayer:u_secondLayer|answer[1][5]~feeder          ; post-fitting  ; missing   ; Top                            ; post-synthesis    ; GND                                 ; The post-fitting netlist is not being used.  Set the partition's netlist type to source. ;
; secondlayer:u_secondLayer|answer[1][5]~feeder          ; post-fitting  ; missing   ; Top                            ; post-synthesis    ; GND                                 ; The post-fitting netlist is not being used.  Set the partition's netlist type to source. ;
; secondlayer:u_secondLayer|answer[1][7]~feeder          ; post-fitting  ; missing   ; Top                            ; post-synthesis    ; GND                                 ; The post-fitting netlist is not being used.  Set the partition's netlist type to source. ;
; secondlayer:u_secondLayer|answer[1][7]~feeder          ; post-fitting  ; missing   ; Top                            ; post-synthesis    ; GND                                 ; The post-fitting netlist is not being used.  Set the partition's netlist type to source. ;
; secondlayer:u_secondLayer|answer[1][8]~feeder          ; post-fitting  ; missing   ; Top                            ; post-synthesis    ; GND                                 ; The post-fitting netlist is not being used.  Set the partition's netlist type to source. ;
; secondlayer:u_secondLayer|answer[1][8]~feeder          ; post-fitting  ; missing   ; Top                            ; post-synthesis    ; GND                                 ; The post-fitting netlist is not being used.  Set the partition's netlist type to source. ;
; secondlayer:u_secondLayer|answer[1][9]~feeder          ; post-fitting  ; missing   ; Top                            ; post-synthesis    ; GND                                 ; The post-fitting netlist is not being used.  Set the partition's netlist type to source. ;
; secondlayer:u_secondLayer|answer[1][9]~feeder          ; post-fitting  ; missing   ; Top                            ; post-synthesis    ; GND                                 ; The post-fitting netlist is not being used.  Set the partition's netlist type to source. ;
; secondlayer:u_secondLayer|answer[2][10]~feeder         ; post-fitting  ; missing   ; Top                            ; post-synthesis    ; GND                                 ; The post-fitting netlist is not being used.  Set the partition's netlist type to source. ;
; secondlayer:u_secondLayer|answer[2][10]~feeder         ; post-fitting  ; missing   ; Top                            ; post-synthesis    ; GND                                 ; The post-fitting netlist is not being used.  Set the partition's netlist type to source. ;
; secondlayer:u_secondLayer|answer[2][11]~feeder         ; post-fitting  ; missing   ; Top                            ; post-synthesis    ; GND                                 ; The post-fitting netlist is not being used.  Set the partition's netlist type to source. ;
; secondlayer:u_secondLayer|answer[2][11]~feeder         ; post-fitting  ; missing   ; Top                            ; post-synthesis    ; GND                                 ; The post-fitting netlist is not being used.  Set the partition's netlist type to source. ;
; secondlayer:u_secondLayer|answer[2][13]~feeder         ; post-fitting  ; missing   ; Top                            ; post-synthesis    ; GND                                 ; The post-fitting netlist is not being used.  Set the partition's netlist type to source. ;
; secondlayer:u_secondLayer|answer[2][13]~feeder         ; post-fitting  ; missing   ; Top                            ; post-synthesis    ; GND                                 ; The post-fitting netlist is not being used.  Set the partition's netlist type to source. ;
; secondlayer:u_secondLayer|answer[2][14]~feeder         ; post-fitting  ; missing   ; Top                            ; post-synthesis    ; GND                                 ; The post-fitting netlist is not being used.  Set the partition's netlist type to source. ;
; secondlayer:u_secondLayer|answer[2][14]~feeder         ; post-fitting  ; missing   ; Top                            ; post-synthesis    ; GND                                 ; The post-fitting netlist is not being used.  Set the partition's netlist type to source. ;
; secondlayer:u_secondLayer|answer[2][18]~feeder         ; post-fitting  ; missing   ; Top                            ; post-synthesis    ; GND                                 ; The post-fitting netlist is not being used.  Set the partition's netlist type to source. ;
; secondlayer:u_secondLayer|answer[2][18]~feeder         ; post-fitting  ; missing   ; Top                            ; post-synthesis    ; GND                                 ; The post-fitting netlist is not being used.  Set the partition's netlist type to source. ;
; secondlayer:u_secondLayer|answer[2][19]~feeder         ; post-fitting  ; missing   ; Top                            ; post-synthesis    ; GND                                 ; The post-fitting netlist is not being used.  Set the partition's netlist type to source. ;
; secondlayer:u_secondLayer|answer[2][19]~feeder         ; post-fitting  ; missing   ; Top                            ; post-synthesis    ; GND                                 ; The post-fitting netlist is not being used.  Set the partition's netlist type to source. ;
; secondlayer:u_secondLayer|answer[2][21]~feeder         ; post-fitting  ; missing   ; Top                            ; post-synthesis    ; GND                                 ; The post-fitting netlist is not being used.  Set the partition's netlist type to source. ;
; secondlayer:u_secondLayer|answer[2][21]~feeder         ; post-fitting  ; missing   ; Top                            ; post-synthesis    ; GND                                 ; The post-fitting netlist is not being used.  Set the partition's netlist type to source. ;
; secondlayer:u_secondLayer|answer[2][25]~feeder         ; post-fitting  ; missing   ; Top                            ; post-synthesis    ; GND                                 ; The post-fitting netlist is not being used.  Set the partition's netlist type to source. ;
; secondlayer:u_secondLayer|answer[2][25]~feeder         ; post-fitting  ; missing   ; Top                            ; post-synthesis    ; GND                                 ; The post-fitting netlist is not being used.  Set the partition's netlist type to source. ;
; secondlayer:u_secondLayer|answer[2][2]~feeder          ; post-fitting  ; missing   ; Top                            ; post-synthesis    ; GND                                 ; The post-fitting netlist is not being used.  Set the partition's netlist type to source. ;
; secondlayer:u_secondLayer|answer[2][2]~feeder          ; post-fitting  ; missing   ; Top                            ; post-synthesis    ; GND                                 ; The post-fitting netlist is not being used.  Set the partition's netlist type to source. ;
; secondlayer:u_secondLayer|answer[2][3]~feeder          ; post-fitting  ; missing   ; Top                            ; post-synthesis    ; GND                                 ; The post-fitting netlist is not being used.  Set the partition's netlist type to source. ;
; secondlayer:u_secondLayer|answer[2][3]~feeder          ; post-fitting  ; missing   ; Top                            ; post-synthesis    ; GND                                 ; The post-fitting netlist is not being used.  Set the partition's netlist type to source. ;
; secondlayer:u_secondLayer|answer[2][5]~feeder          ; post-fitting  ; missing   ; Top                            ; post-synthesis    ; GND                                 ; The post-fitting netlist is not being used.  Set the partition's netlist type to source. ;
; secondlayer:u_secondLayer|answer[2][5]~feeder          ; post-fitting  ; missing   ; Top                            ; post-synthesis    ; GND                                 ; The post-fitting netlist is not being used.  Set the partition's netlist type to source. ;
; secondlayer:u_secondLayer|answer[2][6]~feeder          ; post-fitting  ; missing   ; Top                            ; post-synthesis    ; GND                                 ; The post-fitting netlist is not being used.  Set the partition's netlist type to source. ;
; secondlayer:u_secondLayer|answer[2][6]~feeder          ; post-fitting  ; missing   ; Top                            ; post-synthesis    ; GND                                 ; The post-fitting netlist is not being used.  Set the partition's netlist type to source. ;
; secondlayer:u_secondLayer|answer[2][8]~feeder          ; post-fitting  ; missing   ; Top                            ; post-synthesis    ; GND                                 ; The post-fitting netlist is not being used.  Set the partition's netlist type to source. ;
; secondlayer:u_secondLayer|answer[2][8]~feeder          ; post-fitting  ; missing   ; Top                            ; post-synthesis    ; GND                                 ; The post-fitting netlist is not being used.  Set the partition's netlist type to source. ;
; secondlayer:u_secondLayer|answer[3][10]~feeder         ; post-fitting  ; missing   ; Top                            ; post-synthesis    ; GND                                 ; The post-fitting netlist is not being used.  Set the partition's netlist type to source. ;
; secondlayer:u_secondLayer|answer[3][10]~feeder         ; post-fitting  ; missing   ; Top                            ; post-synthesis    ; GND                                 ; The post-fitting netlist is not being used.  Set the partition's netlist type to source. ;
; secondlayer:u_secondLayer|answer[3][14]~feeder         ; post-fitting  ; missing   ; Top                            ; post-synthesis    ; GND                                 ; The post-fitting netlist is not being used.  Set the partition's netlist type to source. ;
; secondlayer:u_secondLayer|answer[3][14]~feeder         ; post-fitting  ; missing   ; Top                            ; post-synthesis    ; GND                                 ; The post-fitting netlist is not being used.  Set the partition's netlist type to source. ;
; secondlayer:u_secondLayer|answer[3][17]~feeder         ; post-fitting  ; missing   ; Top                            ; post-synthesis    ; GND                                 ; The post-fitting netlist is not being used.  Set the partition's netlist type to source. ;
; secondlayer:u_secondLayer|answer[3][17]~feeder         ; post-fitting  ; missing   ; Top                            ; post-synthesis    ; GND                                 ; The post-fitting netlist is not being used.  Set the partition's netlist type to source. ;
; secondlayer:u_secondLayer|answer[3][18]~feeder         ; post-fitting  ; missing   ; Top                            ; post-synthesis    ; GND                                 ; The post-fitting netlist is not being used.  Set the partition's netlist type to source. ;
; secondlayer:u_secondLayer|answer[3][18]~feeder         ; post-fitting  ; missing   ; Top                            ; post-synthesis    ; GND                                 ; The post-fitting netlist is not being used.  Set the partition's netlist type to source. ;
; secondlayer:u_secondLayer|answer[3][19]~feeder         ; post-fitting  ; missing   ; Top                            ; post-synthesis    ; GND                                 ; The post-fitting netlist is not being used.  Set the partition's netlist type to source. ;
; secondlayer:u_secondLayer|answer[3][19]~feeder         ; post-fitting  ; missing   ; Top                            ; post-synthesis    ; GND                                 ; The post-fitting netlist is not being used.  Set the partition's netlist type to source. ;
; secondlayer:u_secondLayer|answer[3][22]~feeder         ; post-fitting  ; missing   ; Top                            ; post-synthesis    ; GND                                 ; The post-fitting netlist is not being used.  Set the partition's netlist type to source. ;
; secondlayer:u_secondLayer|answer[3][22]~feeder         ; post-fitting  ; missing   ; Top                            ; post-synthesis    ; GND                                 ; The post-fitting netlist is not being used.  Set the partition's netlist type to source. ;
; secondlayer:u_secondLayer|answer[3][4]~feeder          ; post-fitting  ; missing   ; Top                            ; post-synthesis    ; GND                                 ; The post-fitting netlist is not being used.  Set the partition's netlist type to source. ;
; secondlayer:u_secondLayer|answer[3][4]~feeder          ; post-fitting  ; missing   ; Top                            ; post-synthesis    ; GND                                 ; The post-fitting netlist is not being used.  Set the partition's netlist type to source. ;
; secondlayer:u_secondLayer|answer[3][6]~feeder          ; post-fitting  ; missing   ; Top                            ; post-synthesis    ; GND                                 ; The post-fitting netlist is not being used.  Set the partition's netlist type to source. ;
; secondlayer:u_secondLayer|answer[3][6]~feeder          ; post-fitting  ; missing   ; Top                            ; post-synthesis    ; GND                                 ; The post-fitting netlist is not being used.  Set the partition's netlist type to source. ;
; secondlayer:u_secondLayer|answer[4][0]~feeder          ; post-fitting  ; missing   ; Top                            ; post-synthesis    ; GND                                 ; The post-fitting netlist is not being used.  Set the partition's netlist type to source. ;
; secondlayer:u_secondLayer|answer[4][0]~feeder          ; post-fitting  ; missing   ; Top                            ; post-synthesis    ; GND                                 ; The post-fitting netlist is not being used.  Set the partition's netlist type to source. ;
; secondlayer:u_secondLayer|answer[4][10]~feeder         ; post-fitting  ; missing   ; Top                            ; post-synthesis    ; GND                                 ; The post-fitting netlist is not being used.  Set the partition's netlist type to source. ;
; secondlayer:u_secondLayer|answer[4][10]~feeder         ; post-fitting  ; missing   ; Top                            ; post-synthesis    ; GND                                 ; The post-fitting netlist is not being used.  Set the partition's netlist type to source. ;
; secondlayer:u_secondLayer|answer[4][13]~feeder         ; post-fitting  ; missing   ; Top                            ; post-synthesis    ; GND                                 ; The post-fitting netlist is not being used.  Set the partition's netlist type to source. ;
; secondlayer:u_secondLayer|answer[4][13]~feeder         ; post-fitting  ; missing   ; Top                            ; post-synthesis    ; GND                                 ; The post-fitting netlist is not being used.  Set the partition's netlist type to source. ;
; secondlayer:u_secondLayer|answer[4][15]~feeder         ; post-fitting  ; missing   ; Top                            ; post-synthesis    ; GND                                 ; The post-fitting netlist is not being used.  Set the partition's netlist type to source. ;
; secondlayer:u_secondLayer|answer[4][15]~feeder         ; post-fitting  ; missing   ; Top                            ; post-synthesis    ; GND                                 ; The post-fitting netlist is not being used.  Set the partition's netlist type to source. ;
; secondlayer:u_secondLayer|answer[4][16]~feeder         ; post-fitting  ; missing   ; Top                            ; post-synthesis    ; GND                                 ; The post-fitting netlist is not being used.  Set the partition's netlist type to source. ;
; secondlayer:u_secondLayer|answer[4][16]~feeder         ; post-fitting  ; missing   ; Top                            ; post-synthesis    ; GND                                 ; The post-fitting netlist is not being used.  Set the partition's netlist type to source. ;
; secondlayer:u_secondLayer|answer[4][18]~feeder         ; post-fitting  ; missing   ; Top                            ; post-synthesis    ; GND                                 ; The post-fitting netlist is not being used.  Set the partition's netlist type to source. ;
; secondlayer:u_secondLayer|answer[4][18]~feeder         ; post-fitting  ; missing   ; Top                            ; post-synthesis    ; GND                                 ; The post-fitting netlist is not being used.  Set the partition's netlist type to source. ;
; secondlayer:u_secondLayer|answer[4][19]~feeder         ; post-fitting  ; missing   ; Top                            ; post-synthesis    ; GND                                 ; The post-fitting netlist is not being used.  Set the partition's netlist type to source. ;
; secondlayer:u_secondLayer|answer[4][19]~feeder         ; post-fitting  ; missing   ; Top                            ; post-synthesis    ; GND                                 ; The post-fitting netlist is not being used.  Set the partition's netlist type to source. ;
; secondlayer:u_secondLayer|answer[4][26]~feeder         ; post-fitting  ; missing   ; Top                            ; post-synthesis    ; GND                                 ; The post-fitting netlist is not being used.  Set the partition's netlist type to source. ;
; secondlayer:u_secondLayer|answer[4][26]~feeder         ; post-fitting  ; missing   ; Top                            ; post-synthesis    ; GND                                 ; The post-fitting netlist is not being used.  Set the partition's netlist type to source. ;
; secondlayer:u_secondLayer|answer[4][5]~feeder          ; post-fitting  ; missing   ; Top                            ; post-synthesis    ; GND                                 ; The post-fitting netlist is not being used.  Set the partition's netlist type to source. ;
; secondlayer:u_secondLayer|answer[4][5]~feeder          ; post-fitting  ; missing   ; Top                            ; post-synthesis    ; GND                                 ; The post-fitting netlist is not being used.  Set the partition's netlist type to source. ;
; secondlayer:u_secondLayer|answer[4][6]~feeder          ; post-fitting  ; missing   ; Top                            ; post-synthesis    ; GND                                 ; The post-fitting netlist is not being used.  Set the partition's netlist type to source. ;
; secondlayer:u_secondLayer|answer[4][6]~feeder          ; post-fitting  ; missing   ; Top                            ; post-synthesis    ; GND                                 ; The post-fitting netlist is not being used.  Set the partition's netlist type to source. ;
; secondlayer:u_secondLayer|answer[4][7]~feeder          ; post-fitting  ; missing   ; Top                            ; post-synthesis    ; GND                                 ; The post-fitting netlist is not being used.  Set the partition's netlist type to source. ;
; secondlayer:u_secondLayer|answer[4][7]~feeder          ; post-fitting  ; missing   ; Top                            ; post-synthesis    ; GND                                 ; The post-fitting netlist is not being used.  Set the partition's netlist type to source. ;
; secondlayer:u_secondLayer|answer[4][8]~feeder          ; post-fitting  ; missing   ; Top                            ; post-synthesis    ; GND                                 ; The post-fitting netlist is not being used.  Set the partition's netlist type to source. ;
; secondlayer:u_secondLayer|answer[4][8]~feeder          ; post-fitting  ; missing   ; Top                            ; post-synthesis    ; GND                                 ; The post-fitting netlist is not being used.  Set the partition's netlist type to source. ;
; secondlayer:u_secondLayer|answer[4][9]~feeder          ; post-fitting  ; missing   ; Top                            ; post-synthesis    ; GND                                 ; The post-fitting netlist is not being used.  Set the partition's netlist type to source. ;
; secondlayer:u_secondLayer|answer[4][9]~feeder          ; post-fitting  ; missing   ; Top                            ; post-synthesis    ; GND                                 ; The post-fitting netlist is not being used.  Set the partition's netlist type to source. ;
; secondlayer:u_secondLayer|answer[5][12]~feeder         ; post-fitting  ; missing   ; Top                            ; post-synthesis    ; GND                                 ; The post-fitting netlist is not being used.  Set the partition's netlist type to source. ;
; secondlayer:u_secondLayer|answer[5][12]~feeder         ; post-fitting  ; missing   ; Top                            ; post-synthesis    ; GND                                 ; The post-fitting netlist is not being used.  Set the partition's netlist type to source. ;
; secondlayer:u_secondLayer|answer[5][14]~feeder         ; post-fitting  ; missing   ; Top                            ; post-synthesis    ; GND                                 ; The post-fitting netlist is not being used.  Set the partition's netlist type to source. ;
; secondlayer:u_secondLayer|answer[5][14]~feeder         ; post-fitting  ; missing   ; Top                            ; post-synthesis    ; GND                                 ; The post-fitting netlist is not being used.  Set the partition's netlist type to source. ;
; secondlayer:u_secondLayer|answer[5][16]~feeder         ; post-fitting  ; missing   ; Top                            ; post-synthesis    ; GND                                 ; The post-fitting netlist is not being used.  Set the partition's netlist type to source. ;
; secondlayer:u_secondLayer|answer[5][16]~feeder         ; post-fitting  ; missing   ; Top                            ; post-synthesis    ; GND                                 ; The post-fitting netlist is not being used.  Set the partition's netlist type to source. ;
; secondlayer:u_secondLayer|answer[5][18]~feeder         ; post-fitting  ; missing   ; Top                            ; post-synthesis    ; GND                                 ; The post-fitting netlist is not being used.  Set the partition's netlist type to source. ;
; secondlayer:u_secondLayer|answer[5][18]~feeder         ; post-fitting  ; missing   ; Top                            ; post-synthesis    ; GND                                 ; The post-fitting netlist is not being used.  Set the partition's netlist type to source. ;
; secondlayer:u_secondLayer|answer[5][19]~feeder         ; post-fitting  ; missing   ; Top                            ; post-synthesis    ; GND                                 ; The post-fitting netlist is not being used.  Set the partition's netlist type to source. ;
; secondlayer:u_secondLayer|answer[5][19]~feeder         ; post-fitting  ; missing   ; Top                            ; post-synthesis    ; GND                                 ; The post-fitting netlist is not being used.  Set the partition's netlist type to source. ;
; secondlayer:u_secondLayer|answer[5][1]~feeder          ; post-fitting  ; missing   ; Top                            ; post-synthesis    ; GND                                 ; The post-fitting netlist is not being used.  Set the partition's netlist type to source. ;
; secondlayer:u_secondLayer|answer[5][1]~feeder          ; post-fitting  ; missing   ; Top                            ; post-synthesis    ; GND                                 ; The post-fitting netlist is not being used.  Set the partition's netlist type to source. ;
; secondlayer:u_secondLayer|answer[5][20]~feeder         ; post-fitting  ; missing   ; Top                            ; post-synthesis    ; GND                                 ; The post-fitting netlist is not being used.  Set the partition's netlist type to source. ;
; secondlayer:u_secondLayer|answer[5][20]~feeder         ; post-fitting  ; missing   ; Top                            ; post-synthesis    ; GND                                 ; The post-fitting netlist is not being used.  Set the partition's netlist type to source. ;
; secondlayer:u_secondLayer|answer[5][21]~feeder         ; post-fitting  ; missing   ; Top                            ; post-synthesis    ; GND                                 ; The post-fitting netlist is not being used.  Set the partition's netlist type to source. ;
; secondlayer:u_secondLayer|answer[5][21]~feeder         ; post-fitting  ; missing   ; Top                            ; post-synthesis    ; GND                                 ; The post-fitting netlist is not being used.  Set the partition's netlist type to source. ;
; secondlayer:u_secondLayer|answer[5][4]~feeder          ; post-fitting  ; missing   ; Top                            ; post-synthesis    ; GND                                 ; The post-fitting netlist is not being used.  Set the partition's netlist type to source. ;
; secondlayer:u_secondLayer|answer[5][4]~feeder          ; post-fitting  ; missing   ; Top                            ; post-synthesis    ; GND                                 ; The post-fitting netlist is not being used.  Set the partition's netlist type to source. ;
; secondlayer:u_secondLayer|answer[5][5]~feeder          ; post-fitting  ; missing   ; Top                            ; post-synthesis    ; GND                                 ; The post-fitting netlist is not being used.  Set the partition's netlist type to source. ;
; secondlayer:u_secondLayer|answer[5][5]~feeder          ; post-fitting  ; missing   ; Top                            ; post-synthesis    ; GND                                 ; The post-fitting netlist is not being used.  Set the partition's netlist type to source. ;
; secondlayer:u_secondLayer|answer[5][6]~feeder          ; post-fitting  ; missing   ; Top                            ; post-synthesis    ; GND                                 ; The post-fitting netlist is not being used.  Set the partition's netlist type to source. ;
; secondlayer:u_secondLayer|answer[5][6]~feeder          ; post-fitting  ; missing   ; Top                            ; post-synthesis    ; GND                                 ; The post-fitting netlist is not being used.  Set the partition's netlist type to source. ;
; secondlayer:u_secondLayer|answer[5][8]~feeder          ; post-fitting  ; missing   ; Top                            ; post-synthesis    ; GND                                 ; The post-fitting netlist is not being used.  Set the partition's netlist type to source. ;
; secondlayer:u_secondLayer|answer[5][8]~feeder          ; post-fitting  ; missing   ; Top                            ; post-synthesis    ; GND                                 ; The post-fitting netlist is not being used.  Set the partition's netlist type to source. ;
; secondlayer:u_secondLayer|answer[6][0]~feeder          ; post-fitting  ; missing   ; Top                            ; post-synthesis    ; GND                                 ; The post-fitting netlist is not being used.  Set the partition's netlist type to source. ;
; secondlayer:u_secondLayer|answer[6][0]~feeder          ; post-fitting  ; missing   ; Top                            ; post-synthesis    ; GND                                 ; The post-fitting netlist is not being used.  Set the partition's netlist type to source. ;
; secondlayer:u_secondLayer|answer[6][12]~feeder         ; post-fitting  ; missing   ; Top                            ; post-synthesis    ; GND                                 ; The post-fitting netlist is not being used.  Set the partition's netlist type to source. ;
; secondlayer:u_secondLayer|answer[6][12]~feeder         ; post-fitting  ; missing   ; Top                            ; post-synthesis    ; GND                                 ; The post-fitting netlist is not being used.  Set the partition's netlist type to source. ;
; secondlayer:u_secondLayer|answer[6][14]~feeder         ; post-fitting  ; missing   ; Top                            ; post-synthesis    ; GND                                 ; The post-fitting netlist is not being used.  Set the partition's netlist type to source. ;
; secondlayer:u_secondLayer|answer[6][14]~feeder         ; post-fitting  ; missing   ; Top                            ; post-synthesis    ; GND                                 ; The post-fitting netlist is not being used.  Set the partition's netlist type to source. ;
; secondlayer:u_secondLayer|answer[6][15]~feeder         ; post-fitting  ; missing   ; Top                            ; post-synthesis    ; GND                                 ; The post-fitting netlist is not being used.  Set the partition's netlist type to source. ;
; secondlayer:u_secondLayer|answer[6][15]~feeder         ; post-fitting  ; missing   ; Top                            ; post-synthesis    ; GND                                 ; The post-fitting netlist is not being used.  Set the partition's netlist type to source. ;
; secondlayer:u_secondLayer|answer[6][18]~feeder         ; post-fitting  ; missing   ; Top                            ; post-synthesis    ; GND                                 ; The post-fitting netlist is not being used.  Set the partition's netlist type to source. ;
; secondlayer:u_secondLayer|answer[6][18]~feeder         ; post-fitting  ; missing   ; Top                            ; post-synthesis    ; GND                                 ; The post-fitting netlist is not being used.  Set the partition's netlist type to source. ;
; secondlayer:u_secondLayer|answer[6][19]~feeder         ; post-fitting  ; missing   ; Top                            ; post-synthesis    ; GND                                 ; The post-fitting netlist is not being used.  Set the partition's netlist type to source. ;
; secondlayer:u_secondLayer|answer[6][19]~feeder         ; post-fitting  ; missing   ; Top                            ; post-synthesis    ; GND                                 ; The post-fitting netlist is not being used.  Set the partition's netlist type to source. ;
; secondlayer:u_secondLayer|answer[6][1]~feeder          ; post-fitting  ; missing   ; Top                            ; post-synthesis    ; GND                                 ; The post-fitting netlist is not being used.  Set the partition's netlist type to source. ;
; secondlayer:u_secondLayer|answer[6][1]~feeder          ; post-fitting  ; missing   ; Top                            ; post-synthesis    ; GND                                 ; The post-fitting netlist is not being used.  Set the partition's netlist type to source. ;
; secondlayer:u_secondLayer|answer[6][20]~feeder         ; post-fitting  ; missing   ; Top                            ; post-synthesis    ; GND                                 ; The post-fitting netlist is not being used.  Set the partition's netlist type to source. ;
; secondlayer:u_secondLayer|answer[6][20]~feeder         ; post-fitting  ; missing   ; Top                            ; post-synthesis    ; GND                                 ; The post-fitting netlist is not being used.  Set the partition's netlist type to source. ;
; secondlayer:u_secondLayer|answer[6][21]~feeder         ; post-fitting  ; missing   ; Top                            ; post-synthesis    ; GND                                 ; The post-fitting netlist is not being used.  Set the partition's netlist type to source. ;
; secondlayer:u_secondLayer|answer[6][21]~feeder         ; post-fitting  ; missing   ; Top                            ; post-synthesis    ; GND                                 ; The post-fitting netlist is not being used.  Set the partition's netlist type to source. ;
; secondlayer:u_secondLayer|answer[6][22]~feeder         ; post-fitting  ; missing   ; Top                            ; post-synthesis    ; GND                                 ; The post-fitting netlist is not being used.  Set the partition's netlist type to source. ;
; secondlayer:u_secondLayer|answer[6][22]~feeder         ; post-fitting  ; missing   ; Top                            ; post-synthesis    ; GND                                 ; The post-fitting netlist is not being used.  Set the partition's netlist type to source. ;
; secondlayer:u_secondLayer|answer[6][23]~feeder         ; post-fitting  ; missing   ; Top                            ; post-synthesis    ; GND                                 ; The post-fitting netlist is not being used.  Set the partition's netlist type to source. ;
; secondlayer:u_secondLayer|answer[6][23]~feeder         ; post-fitting  ; missing   ; Top                            ; post-synthesis    ; GND                                 ; The post-fitting netlist is not being used.  Set the partition's netlist type to source. ;
; secondlayer:u_secondLayer|answer[6][2]~feeder          ; post-fitting  ; missing   ; Top                            ; post-synthesis    ; GND                                 ; The post-fitting netlist is not being used.  Set the partition's netlist type to source. ;
; secondlayer:u_secondLayer|answer[6][2]~feeder          ; post-fitting  ; missing   ; Top                            ; post-synthesis    ; GND                                 ; The post-fitting netlist is not being used.  Set the partition's netlist type to source. ;
; secondlayer:u_secondLayer|answer[6][4]~feeder          ; post-fitting  ; missing   ; Top                            ; post-synthesis    ; GND                                 ; The post-fitting netlist is not being used.  Set the partition's netlist type to source. ;
; secondlayer:u_secondLayer|answer[6][4]~feeder          ; post-fitting  ; missing   ; Top                            ; post-synthesis    ; GND                                 ; The post-fitting netlist is not being used.  Set the partition's netlist type to source. ;
; secondlayer:u_secondLayer|answer[6][6]~feeder          ; post-fitting  ; missing   ; Top                            ; post-synthesis    ; GND                                 ; The post-fitting netlist is not being used.  Set the partition's netlist type to source. ;
; secondlayer:u_secondLayer|answer[6][6]~feeder          ; post-fitting  ; missing   ; Top                            ; post-synthesis    ; GND                                 ; The post-fitting netlist is not being used.  Set the partition's netlist type to source. ;
; secondlayer:u_secondLayer|answer[6][8]~feeder          ; post-fitting  ; missing   ; Top                            ; post-synthesis    ; GND                                 ; The post-fitting netlist is not being used.  Set the partition's netlist type to source. ;
; secondlayer:u_secondLayer|answer[6][8]~feeder          ; post-fitting  ; missing   ; Top                            ; post-synthesis    ; GND                                 ; The post-fitting netlist is not being used.  Set the partition's netlist type to source. ;
; secondlayer:u_secondLayer|answer[7][0]~feeder          ; post-fitting  ; missing   ; Top                            ; post-synthesis    ; GND                                 ; The post-fitting netlist is not being used.  Set the partition's netlist type to source. ;
; secondlayer:u_secondLayer|answer[7][0]~feeder          ; post-fitting  ; missing   ; Top                            ; post-synthesis    ; GND                                 ; The post-fitting netlist is not being used.  Set the partition's netlist type to source. ;
; secondlayer:u_secondLayer|answer[7][10]~feeder         ; post-fitting  ; missing   ; Top                            ; post-synthesis    ; GND                                 ; The post-fitting netlist is not being used.  Set the partition's netlist type to source. ;
; secondlayer:u_secondLayer|answer[7][10]~feeder         ; post-fitting  ; missing   ; Top                            ; post-synthesis    ; GND                                 ; The post-fitting netlist is not being used.  Set the partition's netlist type to source. ;
; secondlayer:u_secondLayer|answer[7][12]~feeder         ; post-fitting  ; missing   ; Top                            ; post-synthesis    ; GND                                 ; The post-fitting netlist is not being used.  Set the partition's netlist type to source. ;
; secondlayer:u_secondLayer|answer[7][12]~feeder         ; post-fitting  ; missing   ; Top                            ; post-synthesis    ; GND                                 ; The post-fitting netlist is not being used.  Set the partition's netlist type to source. ;
; secondlayer:u_secondLayer|answer[7][14]~feeder         ; post-fitting  ; missing   ; Top                            ; post-synthesis    ; GND                                 ; The post-fitting netlist is not being used.  Set the partition's netlist type to source. ;
; secondlayer:u_secondLayer|answer[7][14]~feeder         ; post-fitting  ; missing   ; Top                            ; post-synthesis    ; GND                                 ; The post-fitting netlist is not being used.  Set the partition's netlist type to source. ;
; secondlayer:u_secondLayer|answer[7][15]~feeder         ; post-fitting  ; missing   ; Top                            ; post-synthesis    ; GND                                 ; The post-fitting netlist is not being used.  Set the partition's netlist type to source. ;
; secondlayer:u_secondLayer|answer[7][15]~feeder         ; post-fitting  ; missing   ; Top                            ; post-synthesis    ; GND                                 ; The post-fitting netlist is not being used.  Set the partition's netlist type to source. ;
; secondlayer:u_secondLayer|answer[7][16]~feeder         ; post-fitting  ; missing   ; Top                            ; post-synthesis    ; GND                                 ; The post-fitting netlist is not being used.  Set the partition's netlist type to source. ;
; secondlayer:u_secondLayer|answer[7][16]~feeder         ; post-fitting  ; missing   ; Top                            ; post-synthesis    ; GND                                 ; The post-fitting netlist is not being used.  Set the partition's netlist type to source. ;
; secondlayer:u_secondLayer|answer[7][19]~feeder         ; post-fitting  ; missing   ; Top                            ; post-synthesis    ; GND                                 ; The post-fitting netlist is not being used.  Set the partition's netlist type to source. ;
; secondlayer:u_secondLayer|answer[7][19]~feeder         ; post-fitting  ; missing   ; Top                            ; post-synthesis    ; GND                                 ; The post-fitting netlist is not being used.  Set the partition's netlist type to source. ;
; secondlayer:u_secondLayer|answer[7][4]~feeder          ; post-fitting  ; missing   ; Top                            ; post-synthesis    ; GND                                 ; The post-fitting netlist is not being used.  Set the partition's netlist type to source. ;
; secondlayer:u_secondLayer|answer[7][4]~feeder          ; post-fitting  ; missing   ; Top                            ; post-synthesis    ; GND                                 ; The post-fitting netlist is not being used.  Set the partition's netlist type to source. ;
; secondlayer:u_secondLayer|answer[7][5]~feeder          ; post-fitting  ; missing   ; Top                            ; post-synthesis    ; GND                                 ; The post-fitting netlist is not being used.  Set the partition's netlist type to source. ;
; secondlayer:u_secondLayer|answer[7][5]~feeder          ; post-fitting  ; missing   ; Top                            ; post-synthesis    ; GND                                 ; The post-fitting netlist is not being used.  Set the partition's netlist type to source. ;
; secondlayer:u_secondLayer|answer[7][6]~feeder          ; post-fitting  ; missing   ; Top                            ; post-synthesis    ; GND                                 ; The post-fitting netlist is not being used.  Set the partition's netlist type to source. ;
; secondlayer:u_secondLayer|answer[7][6]~feeder          ; post-fitting  ; missing   ; Top                            ; post-synthesis    ; GND                                 ; The post-fitting netlist is not being used.  Set the partition's netlist type to source. ;
; secondlayer:u_secondLayer|answer[7][7]~feeder          ; post-fitting  ; missing   ; Top                            ; post-synthesis    ; GND                                 ; The post-fitting netlist is not being used.  Set the partition's netlist type to source. ;
; secondlayer:u_secondLayer|answer[7][7]~feeder          ; post-fitting  ; missing   ; Top                            ; post-synthesis    ; GND                                 ; The post-fitting netlist is not being used.  Set the partition's netlist type to source. ;
; secondlayer:u_secondLayer|answer[7][8]~feeder          ; post-fitting  ; missing   ; Top                            ; post-synthesis    ; GND                                 ; The post-fitting netlist is not being used.  Set the partition's netlist type to source. ;
; secondlayer:u_secondLayer|answer[7][8]~feeder          ; post-fitting  ; missing   ; Top                            ; post-synthesis    ; GND                                 ; The post-fitting netlist is not being used.  Set the partition's netlist type to source. ;
; secondlayer:u_secondLayer|answer[7][9]~feeder          ; post-fitting  ; missing   ; Top                            ; post-synthesis    ; GND                                 ; The post-fitting netlist is not being used.  Set the partition's netlist type to source. ;
; secondlayer:u_secondLayer|answer[7][9]~feeder          ; post-fitting  ; missing   ; Top                            ; post-synthesis    ; GND                                 ; The post-fitting netlist is not being used.  Set the partition's netlist type to source. ;
; secondlayer:u_secondLayer|answer[8][0]~feeder          ; post-fitting  ; missing   ; Top                            ; post-synthesis    ; GND                                 ; The post-fitting netlist is not being used.  Set the partition's netlist type to source. ;
; secondlayer:u_secondLayer|answer[8][0]~feeder          ; post-fitting  ; missing   ; Top                            ; post-synthesis    ; GND                                 ; The post-fitting netlist is not being used.  Set the partition's netlist type to source. ;
; secondlayer:u_secondLayer|answer[8][13]~feeder         ; post-fitting  ; missing   ; Top                            ; post-synthesis    ; GND                                 ; The post-fitting netlist is not being used.  Set the partition's netlist type to source. ;
; secondlayer:u_secondLayer|answer[8][13]~feeder         ; post-fitting  ; missing   ; Top                            ; post-synthesis    ; GND                                 ; The post-fitting netlist is not being used.  Set the partition's netlist type to source. ;
; secondlayer:u_secondLayer|answer[8][15]~feeder         ; post-fitting  ; missing   ; Top                            ; post-synthesis    ; GND                                 ; The post-fitting netlist is not being used.  Set the partition's netlist type to source. ;
; secondlayer:u_secondLayer|answer[8][15]~feeder         ; post-fitting  ; missing   ; Top                            ; post-synthesis    ; GND                                 ; The post-fitting netlist is not being used.  Set the partition's netlist type to source. ;
; secondlayer:u_secondLayer|answer[8][17]~feeder         ; post-fitting  ; missing   ; Top                            ; post-synthesis    ; GND                                 ; The post-fitting netlist is not being used.  Set the partition's netlist type to source. ;
; secondlayer:u_secondLayer|answer[8][17]~feeder         ; post-fitting  ; missing   ; Top                            ; post-synthesis    ; GND                                 ; The post-fitting netlist is not being used.  Set the partition's netlist type to source. ;
; secondlayer:u_secondLayer|answer[8][18]~feeder         ; post-fitting  ; missing   ; Top                            ; post-synthesis    ; GND                                 ; The post-fitting netlist is not being used.  Set the partition's netlist type to source. ;
; secondlayer:u_secondLayer|answer[8][18]~feeder         ; post-fitting  ; missing   ; Top                            ; post-synthesis    ; GND                                 ; The post-fitting netlist is not being used.  Set the partition's netlist type to source. ;
; secondlayer:u_secondLayer|answer[8][19]~feeder         ; post-fitting  ; missing   ; Top                            ; post-synthesis    ; GND                                 ; The post-fitting netlist is not being used.  Set the partition's netlist type to source. ;
; secondlayer:u_secondLayer|answer[8][19]~feeder         ; post-fitting  ; missing   ; Top                            ; post-synthesis    ; GND                                 ; The post-fitting netlist is not being used.  Set the partition's netlist type to source. ;
; secondlayer:u_secondLayer|answer[8][1]~feeder          ; post-fitting  ; missing   ; Top                            ; post-synthesis    ; GND                                 ; The post-fitting netlist is not being used.  Set the partition's netlist type to source. ;
; secondlayer:u_secondLayer|answer[8][1]~feeder          ; post-fitting  ; missing   ; Top                            ; post-synthesis    ; GND                                 ; The post-fitting netlist is not being used.  Set the partition's netlist type to source. ;
; secondlayer:u_secondLayer|answer[8][20]~feeder         ; post-fitting  ; missing   ; Top                            ; post-synthesis    ; GND                                 ; The post-fitting netlist is not being used.  Set the partition's netlist type to source. ;
; secondlayer:u_secondLayer|answer[8][20]~feeder         ; post-fitting  ; missing   ; Top                            ; post-synthesis    ; GND                                 ; The post-fitting netlist is not being used.  Set the partition's netlist type to source. ;
; secondlayer:u_secondLayer|answer[8][21]~feeder         ; post-fitting  ; missing   ; Top                            ; post-synthesis    ; GND                                 ; The post-fitting netlist is not being used.  Set the partition's netlist type to source. ;
; secondlayer:u_secondLayer|answer[8][21]~feeder         ; post-fitting  ; missing   ; Top                            ; post-synthesis    ; GND                                 ; The post-fitting netlist is not being used.  Set the partition's netlist type to source. ;
; secondlayer:u_secondLayer|answer[8][24]~feeder         ; post-fitting  ; missing   ; Top                            ; post-synthesis    ; GND                                 ; The post-fitting netlist is not being used.  Set the partition's netlist type to source. ;
; secondlayer:u_secondLayer|answer[8][24]~feeder         ; post-fitting  ; missing   ; Top                            ; post-synthesis    ; GND                                 ; The post-fitting netlist is not being used.  Set the partition's netlist type to source. ;
; secondlayer:u_secondLayer|answer[8][25]~feeder         ; post-fitting  ; missing   ; Top                            ; post-synthesis    ; GND                                 ; The post-fitting netlist is not being used.  Set the partition's netlist type to source. ;
; secondlayer:u_secondLayer|answer[8][25]~feeder         ; post-fitting  ; missing   ; Top                            ; post-synthesis    ; GND                                 ; The post-fitting netlist is not being used.  Set the partition's netlist type to source. ;
; secondlayer:u_secondLayer|answer[8][4]~feeder          ; post-fitting  ; missing   ; Top                            ; post-synthesis    ; GND                                 ; The post-fitting netlist is not being used.  Set the partition's netlist type to source. ;
; secondlayer:u_secondLayer|answer[8][4]~feeder          ; post-fitting  ; missing   ; Top                            ; post-synthesis    ; GND                                 ; The post-fitting netlist is not being used.  Set the partition's netlist type to source. ;
; secondlayer:u_secondLayer|answer[8][5]~feeder          ; post-fitting  ; missing   ; Top                            ; post-synthesis    ; GND                                 ; The post-fitting netlist is not being used.  Set the partition's netlist type to source. ;
; secondlayer:u_secondLayer|answer[8][5]~feeder          ; post-fitting  ; missing   ; Top                            ; post-synthesis    ; GND                                 ; The post-fitting netlist is not being used.  Set the partition's netlist type to source. ;
; secondlayer:u_secondLayer|answer[8][6]~feeder          ; post-fitting  ; missing   ; Top                            ; post-synthesis    ; GND                                 ; The post-fitting netlist is not being used.  Set the partition's netlist type to source. ;
; secondlayer:u_secondLayer|answer[8][6]~feeder          ; post-fitting  ; missing   ; Top                            ; post-synthesis    ; GND                                 ; The post-fitting netlist is not being used.  Set the partition's netlist type to source. ;
; secondlayer:u_secondLayer|answer[8][7]~feeder          ; post-fitting  ; missing   ; Top                            ; post-synthesis    ; GND                                 ; The post-fitting netlist is not being used.  Set the partition's netlist type to source. ;
; secondlayer:u_secondLayer|answer[8][7]~feeder          ; post-fitting  ; missing   ; Top                            ; post-synthesis    ; GND                                 ; The post-fitting netlist is not being used.  Set the partition's netlist type to source. ;
; secondlayer:u_secondLayer|currNeuron[0]~0              ; post-fitting  ; missing   ; Top                            ; post-synthesis    ; GND                                 ; The post-fitting netlist is not being used.  Set the partition's netlist type to source. ;
; secondlayer:u_secondLayer|currNeuron[0]~0              ; post-fitting  ; missing   ; Top                            ; post-synthesis    ; GND                                 ; The post-fitting netlist is not being used.  Set the partition's netlist type to source. ;
; secondlayer:u_secondLayer|currNeuron[0]~1              ; post-fitting  ; missing   ; Top                            ; post-synthesis    ; GND                                 ; The post-fitting netlist is not being used.  Set the partition's netlist type to source. ;
; secondlayer:u_secondLayer|currNeuron[0]~1              ; post-fitting  ; missing   ; Top                            ; post-synthesis    ; GND                                 ; The post-fitting netlist is not being used.  Set the partition's netlist type to source. ;
; secondlayer:u_secondLayer|currNeuron[1]~2              ; post-fitting  ; missing   ; Top                            ; post-synthesis    ; GND                                 ; The post-fitting netlist is not being used.  Set the partition's netlist type to source. ;
; secondlayer:u_secondLayer|currNeuron[1]~2              ; post-fitting  ; missing   ; Top                            ; post-synthesis    ; GND                                 ; The post-fitting netlist is not being used.  Set the partition's netlist type to source. ;
; secondlayer:u_secondLayer|currNeuron[1]~5              ; post-fitting  ; missing   ; Top                            ; post-synthesis    ; GND                                 ; The post-fitting netlist is not being used.  Set the partition's netlist type to source. ;
; secondlayer:u_secondLayer|currNeuron[1]~5              ; post-fitting  ; missing   ; Top                            ; post-synthesis    ; GND                                 ; The post-fitting netlist is not being used.  Set the partition's netlist type to source. ;
; secondlayer:u_secondLayer|currNeuron[2]~6              ; post-fitting  ; missing   ; Top                            ; post-synthesis    ; GND                                 ; The post-fitting netlist is not being used.  Set the partition's netlist type to source. ;
; secondlayer:u_secondLayer|currNeuron[2]~6              ; post-fitting  ; missing   ; Top                            ; post-synthesis    ; GND                                 ; The post-fitting netlist is not being used.  Set the partition's netlist type to source. ;
; secondlayer:u_secondLayer|currNeuron[3]~7              ; post-fitting  ; missing   ; Top                            ; post-synthesis    ; GND                                 ; The post-fitting netlist is not being used.  Set the partition's netlist type to source. ;
; secondlayer:u_secondLayer|currNeuron[3]~7              ; post-fitting  ; missing   ; Top                            ; post-synthesis    ; GND                                 ; The post-fitting netlist is not being used.  Set the partition's netlist type to source. ;
; secondlayer:u_secondLayer|currNeuron[4]~3              ; post-fitting  ; missing   ; Top                            ; post-synthesis    ; GND                                 ; The post-fitting netlist is not being used.  Set the partition's netlist type to source. ;
; secondlayer:u_secondLayer|currNeuron[4]~3              ; post-fitting  ; missing   ; Top                            ; post-synthesis    ; GND                                 ; The post-fitting netlist is not being used.  Set the partition's netlist type to source. ;
; secondlayer:u_secondLayer|currNeuron[5]~4              ; post-fitting  ; missing   ; Top                            ; post-synthesis    ; GND                                 ; The post-fitting netlist is not being used.  Set the partition's netlist type to source. ;
; secondlayer:u_secondLayer|currNeuron[5]~4              ; post-fitting  ; missing   ; Top                            ; post-synthesis    ; GND                                 ; The post-fitting netlist is not being used.  Set the partition's netlist type to source. ;
; secondlayer:u_secondLayer|currPixel[1]~DUPLICATE       ; post-fitting  ; missing   ; Top                            ; post-synthesis    ; GND                                 ; The post-fitting netlist is not being used.  Set the partition's netlist type to source. ;
; secondlayer:u_secondLayer|currPixel[1]~DUPLICATE       ; post-fitting  ; missing   ; Top                            ; post-synthesis    ; GND                                 ; The post-fitting netlist is not being used.  Set the partition's netlist type to source. ;
; secondlayer:u_secondLayer|currPixel[3]~DUPLICATE       ; post-fitting  ; missing   ; Top                            ; post-synthesis    ; GND                                 ; The post-fitting netlist is not being used.  Set the partition's netlist type to source. ;
; secondlayer:u_secondLayer|currPixel[3]~DUPLICATE       ; post-fitting  ; missing   ; Top                            ; post-synthesis    ; GND                                 ; The post-fitting netlist is not being used.  Set the partition's netlist type to source. ;
; secondlayer:u_secondLayer|currPixel[5]~DUPLICATE       ; post-fitting  ; missing   ; Top                            ; post-synthesis    ; GND                                 ; The post-fitting netlist is not being used.  Set the partition's netlist type to source. ;
; secondlayer:u_secondLayer|currPixel[5]~DUPLICATE       ; post-fitting  ; missing   ; Top                            ; post-synthesis    ; GND                                 ; The post-fitting netlist is not being used.  Set the partition's netlist type to source. ;
; secondlayer:u_secondLayer|currPixel[7]~DUPLICATE       ; post-fitting  ; missing   ; Top                            ; post-synthesis    ; GND                                 ; The post-fitting netlist is not being used.  Set the partition's netlist type to source. ;
; secondlayer:u_secondLayer|currPixel[7]~DUPLICATE       ; post-fitting  ; missing   ; Top                            ; post-synthesis    ; GND                                 ; The post-fitting netlist is not being used.  Set the partition's netlist type to source. ;
; secondlayer:u_secondLayer|layer_2_out[0][22]~DUPLICATE ; post-fitting  ; missing   ; Top                            ; post-synthesis    ; GND                                 ; The post-fitting netlist is not being used.  Set the partition's netlist type to source. ;
; secondlayer:u_secondLayer|layer_2_out[0][22]~DUPLICATE ; post-fitting  ; missing   ; Top                            ; post-synthesis    ; GND                                 ; The post-fitting netlist is not being used.  Set the partition's netlist type to source. ;
; secondlayer:u_secondLayer|layer_2_out[1][10]~DUPLICATE ; post-fitting  ; missing   ; Top                            ; post-synthesis    ; GND                                 ; The post-fitting netlist is not being used.  Set the partition's netlist type to source. ;
; secondlayer:u_secondLayer|layer_2_out[1][10]~DUPLICATE ; post-fitting  ; missing   ; Top                            ; post-synthesis    ; GND                                 ; The post-fitting netlist is not being used.  Set the partition's netlist type to source. ;
; secondlayer:u_secondLayer|layer_2_out[1][10]~feeder    ; post-fitting  ; missing   ; Top                            ; post-synthesis    ; GND                                 ; The post-fitting netlist is not being used.  Set the partition's netlist type to source. ;
; secondlayer:u_secondLayer|layer_2_out[1][10]~feeder    ; post-fitting  ; missing   ; Top                            ; post-synthesis    ; GND                                 ; The post-fitting netlist is not being used.  Set the partition's netlist type to source. ;
; secondlayer:u_secondLayer|layer_2_out[1][11]~DUPLICATE ; post-fitting  ; missing   ; Top                            ; post-synthesis    ; GND                                 ; The post-fitting netlist is not being used.  Set the partition's netlist type to source. ;
; secondlayer:u_secondLayer|layer_2_out[1][11]~DUPLICATE ; post-fitting  ; missing   ; Top                            ; post-synthesis    ; GND                                 ; The post-fitting netlist is not being used.  Set the partition's netlist type to source. ;
; secondlayer:u_secondLayer|layer_2_out[1][13]~DUPLICATE ; post-fitting  ; missing   ; Top                            ; post-synthesis    ; GND                                 ; The post-fitting netlist is not being used.  Set the partition's netlist type to source. ;
; secondlayer:u_secondLayer|layer_2_out[1][13]~DUPLICATE ; post-fitting  ; missing   ; Top                            ; post-synthesis    ; GND                                 ; The post-fitting netlist is not being used.  Set the partition's netlist type to source. ;
; secondlayer:u_secondLayer|layer_2_out[1][16]~feeder    ; post-fitting  ; missing   ; Top                            ; post-synthesis    ; GND                                 ; The post-fitting netlist is not being used.  Set the partition's netlist type to source. ;
; secondlayer:u_secondLayer|layer_2_out[1][16]~feeder    ; post-fitting  ; missing   ; Top                            ; post-synthesis    ; GND                                 ; The post-fitting netlist is not being used.  Set the partition's netlist type to source. ;
; secondlayer:u_secondLayer|layer_2_out[1][17]~DUPLICATE ; post-fitting  ; missing   ; Top                            ; post-synthesis    ; GND                                 ; The post-fitting netlist is not being used.  Set the partition's netlist type to source. ;
; secondlayer:u_secondLayer|layer_2_out[1][17]~DUPLICATE ; post-fitting  ; missing   ; Top                            ; post-synthesis    ; GND                                 ; The post-fitting netlist is not being used.  Set the partition's netlist type to source. ;
; secondlayer:u_secondLayer|layer_2_out[1][1]~feeder     ; post-fitting  ; missing   ; Top                            ; post-synthesis    ; GND                                 ; The post-fitting netlist is not being used.  Set the partition's netlist type to source. ;
; secondlayer:u_secondLayer|layer_2_out[1][1]~feeder     ; post-fitting  ; missing   ; Top                            ; post-synthesis    ; GND                                 ; The post-fitting netlist is not being used.  Set the partition's netlist type to source. ;
; secondlayer:u_secondLayer|layer_2_out[1][21]~DUPLICATE ; post-fitting  ; missing   ; Top                            ; post-synthesis    ; GND                                 ; The post-fitting netlist is not being used.  Set the partition's netlist type to source. ;
; secondlayer:u_secondLayer|layer_2_out[1][21]~DUPLICATE ; post-fitting  ; missing   ; Top                            ; post-synthesis    ; GND                                 ; The post-fitting netlist is not being used.  Set the partition's netlist type to source. ;
; secondlayer:u_secondLayer|layer_2_out[1][26]~feeder    ; post-fitting  ; missing   ; Top                            ; post-synthesis    ; GND                                 ; The post-fitting netlist is not being used.  Set the partition's netlist type to source. ;
; secondlayer:u_secondLayer|layer_2_out[1][26]~feeder    ; post-fitting  ; missing   ; Top                            ; post-synthesis    ; GND                                 ; The post-fitting netlist is not being used.  Set the partition's netlist type to source. ;
; secondlayer:u_secondLayer|layer_2_out[1][5]~DUPLICATE  ; post-fitting  ; missing   ; Top                            ; post-synthesis    ; GND                                 ; The post-fitting netlist is not being used.  Set the partition's netlist type to source. ;
; secondlayer:u_secondLayer|layer_2_out[1][5]~DUPLICATE  ; post-fitting  ; missing   ; Top                            ; post-synthesis    ; GND                                 ; The post-fitting netlist is not being used.  Set the partition's netlist type to source. ;
; secondlayer:u_secondLayer|layer_2_out[1][6]~DUPLICATE  ; post-fitting  ; missing   ; Top                            ; post-synthesis    ; GND                                 ; The post-fitting netlist is not being used.  Set the partition's netlist type to source. ;
; secondlayer:u_secondLayer|layer_2_out[1][6]~DUPLICATE  ; post-fitting  ; missing   ; Top                            ; post-synthesis    ; GND                                 ; The post-fitting netlist is not being used.  Set the partition's netlist type to source. ;
; secondlayer:u_secondLayer|layer_2_out[2][10]~DUPLICATE ; post-fitting  ; missing   ; Top                            ; post-synthesis    ; GND                                 ; The post-fitting netlist is not being used.  Set the partition's netlist type to source. ;
; secondlayer:u_secondLayer|layer_2_out[2][10]~DUPLICATE ; post-fitting  ; missing   ; Top                            ; post-synthesis    ; GND                                 ; The post-fitting netlist is not being used.  Set the partition's netlist type to source. ;
; secondlayer:u_secondLayer|layer_2_out[2][13]~DUPLICATE ; post-fitting  ; missing   ; Top                            ; post-synthesis    ; GND                                 ; The post-fitting netlist is not being used.  Set the partition's netlist type to source. ;
; secondlayer:u_secondLayer|layer_2_out[2][13]~DUPLICATE ; post-fitting  ; missing   ; Top                            ; post-synthesis    ; GND                                 ; The post-fitting netlist is not being used.  Set the partition's netlist type to source. ;
; secondlayer:u_secondLayer|layer_2_out[2][14]~DUPLICATE ; post-fitting  ; missing   ; Top                            ; post-synthesis    ; GND                                 ; The post-fitting netlist is not being used.  Set the partition's netlist type to source. ;
; secondlayer:u_secondLayer|layer_2_out[2][14]~DUPLICATE ; post-fitting  ; missing   ; Top                            ; post-synthesis    ; GND                                 ; The post-fitting netlist is not being used.  Set the partition's netlist type to source. ;
; secondlayer:u_secondLayer|layer_2_out[2][15]~DUPLICATE ; post-fitting  ; missing   ; Top                            ; post-synthesis    ; GND                                 ; The post-fitting netlist is not being used.  Set the partition's netlist type to source. ;
; secondlayer:u_secondLayer|layer_2_out[2][15]~DUPLICATE ; post-fitting  ; missing   ; Top                            ; post-synthesis    ; GND                                 ; The post-fitting netlist is not being used.  Set the partition's netlist type to source. ;
; secondlayer:u_secondLayer|layer_2_out[2][20]~DUPLICATE ; post-fitting  ; missing   ; Top                            ; post-synthesis    ; GND                                 ; The post-fitting netlist is not being used.  Set the partition's netlist type to source. ;
; secondlayer:u_secondLayer|layer_2_out[2][20]~DUPLICATE ; post-fitting  ; missing   ; Top                            ; post-synthesis    ; GND                                 ; The post-fitting netlist is not being used.  Set the partition's netlist type to source. ;
; secondlayer:u_secondLayer|layer_2_out[2][7]~feeder     ; post-fitting  ; missing   ; Top                            ; post-synthesis    ; GND                                 ; The post-fitting netlist is not being used.  Set the partition's netlist type to source. ;
; secondlayer:u_secondLayer|layer_2_out[2][7]~feeder     ; post-fitting  ; missing   ; Top                            ; post-synthesis    ; GND                                 ; The post-fitting netlist is not being used.  Set the partition's netlist type to source. ;
; secondlayer:u_secondLayer|layer_2_out[2][8]~DUPLICATE  ; post-fitting  ; missing   ; Top                            ; post-synthesis    ; GND                                 ; The post-fitting netlist is not being used.  Set the partition's netlist type to source. ;
; secondlayer:u_secondLayer|layer_2_out[2][8]~DUPLICATE  ; post-fitting  ; missing   ; Top                            ; post-synthesis    ; GND                                 ; The post-fitting netlist is not being used.  Set the partition's netlist type to source. ;
; secondlayer:u_secondLayer|layer_2_out[2][9]~DUPLICATE  ; post-fitting  ; missing   ; Top                            ; post-synthesis    ; GND                                 ; The post-fitting netlist is not being used.  Set the partition's netlist type to source. ;
; secondlayer:u_secondLayer|layer_2_out[2][9]~DUPLICATE  ; post-fitting  ; missing   ; Top                            ; post-synthesis    ; GND                                 ; The post-fitting netlist is not being used.  Set the partition's netlist type to source. ;
; secondlayer:u_secondLayer|layer_2_out[3][7]~DUPLICATE  ; post-fitting  ; missing   ; Top                            ; post-synthesis    ; GND                                 ; The post-fitting netlist is not being used.  Set the partition's netlist type to source. ;
; secondlayer:u_secondLayer|layer_2_out[3][7]~DUPLICATE  ; post-fitting  ; missing   ; Top                            ; post-synthesis    ; GND                                 ; The post-fitting netlist is not being used.  Set the partition's netlist type to source. ;
; secondlayer:u_secondLayer|layer_2_out[4][11]~DUPLICATE ; post-fitting  ; missing   ; Top                            ; post-synthesis    ; GND                                 ; The post-fitting netlist is not being used.  Set the partition's netlist type to source. ;
; secondlayer:u_secondLayer|layer_2_out[4][11]~DUPLICATE ; post-fitting  ; missing   ; Top                            ; post-synthesis    ; GND                                 ; The post-fitting netlist is not being used.  Set the partition's netlist type to source. ;
; secondlayer:u_secondLayer|layer_2_out[4][13]~DUPLICATE ; post-fitting  ; missing   ; Top                            ; post-synthesis    ; GND                                 ; The post-fitting netlist is not being used.  Set the partition's netlist type to source. ;
; secondlayer:u_secondLayer|layer_2_out[4][13]~DUPLICATE ; post-fitting  ; missing   ; Top                            ; post-synthesis    ; GND                                 ; The post-fitting netlist is not being used.  Set the partition's netlist type to source. ;
; secondlayer:u_secondLayer|layer_2_out[4][14]~DUPLICATE ; post-fitting  ; missing   ; Top                            ; post-synthesis    ; GND                                 ; The post-fitting netlist is not being used.  Set the partition's netlist type to source. ;
; secondlayer:u_secondLayer|layer_2_out[4][14]~DUPLICATE ; post-fitting  ; missing   ; Top                            ; post-synthesis    ; GND                                 ; The post-fitting netlist is not being used.  Set the partition's netlist type to source. ;
; secondlayer:u_secondLayer|layer_2_out[4][18]~DUPLICATE ; post-fitting  ; missing   ; Top                            ; post-synthesis    ; GND                                 ; The post-fitting netlist is not being used.  Set the partition's netlist type to source. ;
; secondlayer:u_secondLayer|layer_2_out[4][18]~DUPLICATE ; post-fitting  ; missing   ; Top                            ; post-synthesis    ; GND                                 ; The post-fitting netlist is not being used.  Set the partition's netlist type to source. ;
; secondlayer:u_secondLayer|layer_2_out[5][10]~DUPLICATE ; post-fitting  ; missing   ; Top                            ; post-synthesis    ; GND                                 ; The post-fitting netlist is not being used.  Set the partition's netlist type to source. ;
; secondlayer:u_secondLayer|layer_2_out[5][10]~DUPLICATE ; post-fitting  ; missing   ; Top                            ; post-synthesis    ; GND                                 ; The post-fitting netlist is not being used.  Set the partition's netlist type to source. ;
; secondlayer:u_secondLayer|layer_2_out[5][22]~feeder    ; post-fitting  ; missing   ; Top                            ; post-synthesis    ; GND                                 ; The post-fitting netlist is not being used.  Set the partition's netlist type to source. ;
; secondlayer:u_secondLayer|layer_2_out[5][22]~feeder    ; post-fitting  ; missing   ; Top                            ; post-synthesis    ; GND                                 ; The post-fitting netlist is not being used.  Set the partition's netlist type to source. ;
; secondlayer:u_secondLayer|layer_2_out[5][26]~DUPLICATE ; post-fitting  ; missing   ; Top                            ; post-synthesis    ; GND                                 ; The post-fitting netlist is not being used.  Set the partition's netlist type to source. ;
; secondlayer:u_secondLayer|layer_2_out[5][26]~DUPLICATE ; post-fitting  ; missing   ; Top                            ; post-synthesis    ; GND                                 ; The post-fitting netlist is not being used.  Set the partition's netlist type to source. ;
; secondlayer:u_secondLayer|layer_2_out[5][5]~DUPLICATE  ; post-fitting  ; missing   ; Top                            ; post-synthesis    ; GND                                 ; The post-fitting netlist is not being used.  Set the partition's netlist type to source. ;
; secondlayer:u_secondLayer|layer_2_out[5][5]~DUPLICATE  ; post-fitting  ; missing   ; Top                            ; post-synthesis    ; GND                                 ; The post-fitting netlist is not being used.  Set the partition's netlist type to source. ;
; secondlayer:u_secondLayer|layer_2_out[5][7]~DUPLICATE  ; post-fitting  ; missing   ; Top                            ; post-synthesis    ; GND                                 ; The post-fitting netlist is not being used.  Set the partition's netlist type to source. ;
; secondlayer:u_secondLayer|layer_2_out[5][7]~DUPLICATE  ; post-fitting  ; missing   ; Top                            ; post-synthesis    ; GND                                 ; The post-fitting netlist is not being used.  Set the partition's netlist type to source. ;
; secondlayer:u_secondLayer|layer_2_out[5][8]~feeder     ; post-fitting  ; missing   ; Top                            ; post-synthesis    ; GND                                 ; The post-fitting netlist is not being used.  Set the partition's netlist type to source. ;
; secondlayer:u_secondLayer|layer_2_out[5][8]~feeder     ; post-fitting  ; missing   ; Top                            ; post-synthesis    ; GND                                 ; The post-fitting netlist is not being used.  Set the partition's netlist type to source. ;
; secondlayer:u_secondLayer|layer_2_out[5][9]~feeder     ; post-fitting  ; missing   ; Top                            ; post-synthesis    ; GND                                 ; The post-fitting netlist is not being used.  Set the partition's netlist type to source. ;
; secondlayer:u_secondLayer|layer_2_out[5][9]~feeder     ; post-fitting  ; missing   ; Top                            ; post-synthesis    ; GND                                 ; The post-fitting netlist is not being used.  Set the partition's netlist type to source. ;
; secondlayer:u_secondLayer|layer_2_out[6][10]~DUPLICATE ; post-fitting  ; missing   ; Top                            ; post-synthesis    ; GND                                 ; The post-fitting netlist is not being used.  Set the partition's netlist type to source. ;
; secondlayer:u_secondLayer|layer_2_out[6][10]~DUPLICATE ; post-fitting  ; missing   ; Top                            ; post-synthesis    ; GND                                 ; The post-fitting netlist is not being used.  Set the partition's netlist type to source. ;
; secondlayer:u_secondLayer|layer_2_out[6][15]~feeder    ; post-fitting  ; missing   ; Top                            ; post-synthesis    ; GND                                 ; The post-fitting netlist is not being used.  Set the partition's netlist type to source. ;
; secondlayer:u_secondLayer|layer_2_out[6][15]~feeder    ; post-fitting  ; missing   ; Top                            ; post-synthesis    ; GND                                 ; The post-fitting netlist is not being used.  Set the partition's netlist type to source. ;
; secondlayer:u_secondLayer|layer_2_out[6][16]~feeder    ; post-fitting  ; missing   ; Top                            ; post-synthesis    ; GND                                 ; The post-fitting netlist is not being used.  Set the partition's netlist type to source. ;
; secondlayer:u_secondLayer|layer_2_out[6][16]~feeder    ; post-fitting  ; missing   ; Top                            ; post-synthesis    ; GND                                 ; The post-fitting netlist is not being used.  Set the partition's netlist type to source. ;
; secondlayer:u_secondLayer|layer_2_out[7][16]~feeder    ; post-fitting  ; missing   ; Top                            ; post-synthesis    ; GND                                 ; The post-fitting netlist is not being used.  Set the partition's netlist type to source. ;
; secondlayer:u_secondLayer|layer_2_out[7][16]~feeder    ; post-fitting  ; missing   ; Top                            ; post-synthesis    ; GND                                 ; The post-fitting netlist is not being used.  Set the partition's netlist type to source. ;
; secondlayer:u_secondLayer|layer_2_out[8][22]~DUPLICATE ; post-fitting  ; missing   ; Top                            ; post-synthesis    ; GND                                 ; The post-fitting netlist is not being used.  Set the partition's netlist type to source. ;
; secondlayer:u_secondLayer|layer_2_out[8][22]~DUPLICATE ; post-fitting  ; missing   ; Top                            ; post-synthesis    ; GND                                 ; The post-fitting netlist is not being used.  Set the partition's netlist type to source. ;
; secondlayer:u_secondLayer|layer_2_out[8][23]~DUPLICATE ; post-fitting  ; missing   ; Top                            ; post-synthesis    ; GND                                 ; The post-fitting netlist is not being used.  Set the partition's netlist type to source. ;
; secondlayer:u_secondLayer|layer_2_out[8][23]~DUPLICATE ; post-fitting  ; missing   ; Top                            ; post-synthesis    ; GND                                 ; The post-fitting netlist is not being used.  Set the partition's netlist type to source. ;
; secondlayer:u_secondLayer|result[0][11]~feeder         ; post-fitting  ; missing   ; Top                            ; post-synthesis    ; GND                                 ; The post-fitting netlist is not being used.  Set the partition's netlist type to source. ;
; secondlayer:u_secondLayer|result[0][11]~feeder         ; post-fitting  ; missing   ; Top                            ; post-synthesis    ; GND                                 ; The post-fitting netlist is not being used.  Set the partition's netlist type to source. ;
; secondlayer:u_secondLayer|result[0][12]~feeder         ; post-fitting  ; missing   ; Top                            ; post-synthesis    ; GND                                 ; The post-fitting netlist is not being used.  Set the partition's netlist type to source. ;
; secondlayer:u_secondLayer|result[0][12]~feeder         ; post-fitting  ; missing   ; Top                            ; post-synthesis    ; GND                                 ; The post-fitting netlist is not being used.  Set the partition's netlist type to source. ;
; secondlayer:u_secondLayer|result[0][15]~feeder         ; post-fitting  ; missing   ; Top                            ; post-synthesis    ; GND                                 ; The post-fitting netlist is not being used.  Set the partition's netlist type to source. ;
; secondlayer:u_secondLayer|result[0][15]~feeder         ; post-fitting  ; missing   ; Top                            ; post-synthesis    ; GND                                 ; The post-fitting netlist is not being used.  Set the partition's netlist type to source. ;
; secondlayer:u_secondLayer|result[0][17]~feeder         ; post-fitting  ; missing   ; Top                            ; post-synthesis    ; GND                                 ; The post-fitting netlist is not being used.  Set the partition's netlist type to source. ;
; secondlayer:u_secondLayer|result[0][17]~feeder         ; post-fitting  ; missing   ; Top                            ; post-synthesis    ; GND                                 ; The post-fitting netlist is not being used.  Set the partition's netlist type to source. ;
; secondlayer:u_secondLayer|result[0][1]~feeder          ; post-fitting  ; missing   ; Top                            ; post-synthesis    ; GND                                 ; The post-fitting netlist is not being used.  Set the partition's netlist type to source. ;
; secondlayer:u_secondLayer|result[0][1]~feeder          ; post-fitting  ; missing   ; Top                            ; post-synthesis    ; GND                                 ; The post-fitting netlist is not being used.  Set the partition's netlist type to source. ;
; secondlayer:u_secondLayer|result[0][23]~feeder         ; post-fitting  ; missing   ; Top                            ; post-synthesis    ; GND                                 ; The post-fitting netlist is not being used.  Set the partition's netlist type to source. ;
; secondlayer:u_secondLayer|result[0][23]~feeder         ; post-fitting  ; missing   ; Top                            ; post-synthesis    ; GND                                 ; The post-fitting netlist is not being used.  Set the partition's netlist type to source. ;
; secondlayer:u_secondLayer|result[0][5]~feeder          ; post-fitting  ; missing   ; Top                            ; post-synthesis    ; GND                                 ; The post-fitting netlist is not being used.  Set the partition's netlist type to source. ;
; secondlayer:u_secondLayer|result[0][5]~feeder          ; post-fitting  ; missing   ; Top                            ; post-synthesis    ; GND                                 ; The post-fitting netlist is not being used.  Set the partition's netlist type to source. ;
; secondlayer:u_secondLayer|result[1][10]~feeder         ; post-fitting  ; missing   ; Top                            ; post-synthesis    ; GND                                 ; The post-fitting netlist is not being used.  Set the partition's netlist type to source. ;
; secondlayer:u_secondLayer|result[1][10]~feeder         ; post-fitting  ; missing   ; Top                            ; post-synthesis    ; GND                                 ; The post-fitting netlist is not being used.  Set the partition's netlist type to source. ;
; secondlayer:u_secondLayer|result[1][11]~feeder         ; post-fitting  ; missing   ; Top                            ; post-synthesis    ; GND                                 ; The post-fitting netlist is not being used.  Set the partition's netlist type to source. ;
; secondlayer:u_secondLayer|result[1][11]~feeder         ; post-fitting  ; missing   ; Top                            ; post-synthesis    ; GND                                 ; The post-fitting netlist is not being used.  Set the partition's netlist type to source. ;
; secondlayer:u_secondLayer|result[1][12]~feeder         ; post-fitting  ; missing   ; Top                            ; post-synthesis    ; GND                                 ; The post-fitting netlist is not being used.  Set the partition's netlist type to source. ;
; secondlayer:u_secondLayer|result[1][12]~feeder         ; post-fitting  ; missing   ; Top                            ; post-synthesis    ; GND                                 ; The post-fitting netlist is not being used.  Set the partition's netlist type to source. ;
; secondlayer:u_secondLayer|result[1][13]~feeder         ; post-fitting  ; missing   ; Top                            ; post-synthesis    ; GND                                 ; The post-fitting netlist is not being used.  Set the partition's netlist type to source. ;
; secondlayer:u_secondLayer|result[1][13]~feeder         ; post-fitting  ; missing   ; Top                            ; post-synthesis    ; GND                                 ; The post-fitting netlist is not being used.  Set the partition's netlist type to source. ;
; secondlayer:u_secondLayer|result[1][15]~feeder         ; post-fitting  ; missing   ; Top                            ; post-synthesis    ; GND                                 ; The post-fitting netlist is not being used.  Set the partition's netlist type to source. ;
; secondlayer:u_secondLayer|result[1][15]~feeder         ; post-fitting  ; missing   ; Top                            ; post-synthesis    ; GND                                 ; The post-fitting netlist is not being used.  Set the partition's netlist type to source. ;
; secondlayer:u_secondLayer|result[1][16]~feeder         ; post-fitting  ; missing   ; Top                            ; post-synthesis    ; GND                                 ; The post-fitting netlist is not being used.  Set the partition's netlist type to source. ;
; secondlayer:u_secondLayer|result[1][16]~feeder         ; post-fitting  ; missing   ; Top                            ; post-synthesis    ; GND                                 ; The post-fitting netlist is not being used.  Set the partition's netlist type to source. ;
; secondlayer:u_secondLayer|result[1][17]~feeder         ; post-fitting  ; missing   ; Top                            ; post-synthesis    ; GND                                 ; The post-fitting netlist is not being used.  Set the partition's netlist type to source. ;
; secondlayer:u_secondLayer|result[1][17]~feeder         ; post-fitting  ; missing   ; Top                            ; post-synthesis    ; GND                                 ; The post-fitting netlist is not being used.  Set the partition's netlist type to source. ;
; secondlayer:u_secondLayer|result[1][19]~feeder         ; post-fitting  ; missing   ; Top                            ; post-synthesis    ; GND                                 ; The post-fitting netlist is not being used.  Set the partition's netlist type to source. ;
; secondlayer:u_secondLayer|result[1][19]~feeder         ; post-fitting  ; missing   ; Top                            ; post-synthesis    ; GND                                 ; The post-fitting netlist is not being used.  Set the partition's netlist type to source. ;
; secondlayer:u_secondLayer|result[1][1]~feeder          ; post-fitting  ; missing   ; Top                            ; post-synthesis    ; GND                                 ; The post-fitting netlist is not being used.  Set the partition's netlist type to source. ;
; secondlayer:u_secondLayer|result[1][1]~feeder          ; post-fitting  ; missing   ; Top                            ; post-synthesis    ; GND                                 ; The post-fitting netlist is not being used.  Set the partition's netlist type to source. ;
; secondlayer:u_secondLayer|result[1][22]~feeder         ; post-fitting  ; missing   ; Top                            ; post-synthesis    ; GND                                 ; The post-fitting netlist is not being used.  Set the partition's netlist type to source. ;
; secondlayer:u_secondLayer|result[1][22]~feeder         ; post-fitting  ; missing   ; Top                            ; post-synthesis    ; GND                                 ; The post-fitting netlist is not being used.  Set the partition's netlist type to source. ;
; secondlayer:u_secondLayer|result[1][23]~feeder         ; post-fitting  ; missing   ; Top                            ; post-synthesis    ; GND                                 ; The post-fitting netlist is not being used.  Set the partition's netlist type to source. ;
; secondlayer:u_secondLayer|result[1][23]~feeder         ; post-fitting  ; missing   ; Top                            ; post-synthesis    ; GND                                 ; The post-fitting netlist is not being used.  Set the partition's netlist type to source. ;
; secondlayer:u_secondLayer|result[1][24]~feeder         ; post-fitting  ; missing   ; Top                            ; post-synthesis    ; GND                                 ; The post-fitting netlist is not being used.  Set the partition's netlist type to source. ;
; secondlayer:u_secondLayer|result[1][24]~feeder         ; post-fitting  ; missing   ; Top                            ; post-synthesis    ; GND                                 ; The post-fitting netlist is not being used.  Set the partition's netlist type to source. ;
; secondlayer:u_secondLayer|result[1][26]~feeder         ; post-fitting  ; missing   ; Top                            ; post-synthesis    ; GND                                 ; The post-fitting netlist is not being used.  Set the partition's netlist type to source. ;
; secondlayer:u_secondLayer|result[1][26]~feeder         ; post-fitting  ; missing   ; Top                            ; post-synthesis    ; GND                                 ; The post-fitting netlist is not being used.  Set the partition's netlist type to source. ;
; secondlayer:u_secondLayer|result[1][3]~feeder          ; post-fitting  ; missing   ; Top                            ; post-synthesis    ; GND                                 ; The post-fitting netlist is not being used.  Set the partition's netlist type to source. ;
; secondlayer:u_secondLayer|result[1][3]~feeder          ; post-fitting  ; missing   ; Top                            ; post-synthesis    ; GND                                 ; The post-fitting netlist is not being used.  Set the partition's netlist type to source. ;
; secondlayer:u_secondLayer|result[1][4]~feeder          ; post-fitting  ; missing   ; Top                            ; post-synthesis    ; GND                                 ; The post-fitting netlist is not being used.  Set the partition's netlist type to source. ;
; secondlayer:u_secondLayer|result[1][4]~feeder          ; post-fitting  ; missing   ; Top                            ; post-synthesis    ; GND                                 ; The post-fitting netlist is not being used.  Set the partition's netlist type to source. ;
; secondlayer:u_secondLayer|result[1][6]~feeder          ; post-fitting  ; missing   ; Top                            ; post-synthesis    ; GND                                 ; The post-fitting netlist is not being used.  Set the partition's netlist type to source. ;
; secondlayer:u_secondLayer|result[1][6]~feeder          ; post-fitting  ; missing   ; Top                            ; post-synthesis    ; GND                                 ; The post-fitting netlist is not being used.  Set the partition's netlist type to source. ;
; secondlayer:u_secondLayer|result[1][7]~feeder          ; post-fitting  ; missing   ; Top                            ; post-synthesis    ; GND                                 ; The post-fitting netlist is not being used.  Set the partition's netlist type to source. ;
; secondlayer:u_secondLayer|result[1][7]~feeder          ; post-fitting  ; missing   ; Top                            ; post-synthesis    ; GND                                 ; The post-fitting netlist is not being used.  Set the partition's netlist type to source. ;
; secondlayer:u_secondLayer|result[1][8]~feeder          ; post-fitting  ; missing   ; Top                            ; post-synthesis    ; GND                                 ; The post-fitting netlist is not being used.  Set the partition's netlist type to source. ;
; secondlayer:u_secondLayer|result[1][8]~feeder          ; post-fitting  ; missing   ; Top                            ; post-synthesis    ; GND                                 ; The post-fitting netlist is not being used.  Set the partition's netlist type to source. ;
; secondlayer:u_secondLayer|result[2][10]~feeder         ; post-fitting  ; missing   ; Top                            ; post-synthesis    ; GND                                 ; The post-fitting netlist is not being used.  Set the partition's netlist type to source. ;
; secondlayer:u_secondLayer|result[2][10]~feeder         ; post-fitting  ; missing   ; Top                            ; post-synthesis    ; GND                                 ; The post-fitting netlist is not being used.  Set the partition's netlist type to source. ;
; secondlayer:u_secondLayer|result[2][12]~feeder         ; post-fitting  ; missing   ; Top                            ; post-synthesis    ; GND                                 ; The post-fitting netlist is not being used.  Set the partition's netlist type to source. ;
; secondlayer:u_secondLayer|result[2][12]~feeder         ; post-fitting  ; missing   ; Top                            ; post-synthesis    ; GND                                 ; The post-fitting netlist is not being used.  Set the partition's netlist type to source. ;
; secondlayer:u_secondLayer|result[2][13]~feeder         ; post-fitting  ; missing   ; Top                            ; post-synthesis    ; GND                                 ; The post-fitting netlist is not being used.  Set the partition's netlist type to source. ;
; secondlayer:u_secondLayer|result[2][13]~feeder         ; post-fitting  ; missing   ; Top                            ; post-synthesis    ; GND                                 ; The post-fitting netlist is not being used.  Set the partition's netlist type to source. ;
; secondlayer:u_secondLayer|result[2][17]~feeder         ; post-fitting  ; missing   ; Top                            ; post-synthesis    ; GND                                 ; The post-fitting netlist is not being used.  Set the partition's netlist type to source. ;
; secondlayer:u_secondLayer|result[2][17]~feeder         ; post-fitting  ; missing   ; Top                            ; post-synthesis    ; GND                                 ; The post-fitting netlist is not being used.  Set the partition's netlist type to source. ;
; secondlayer:u_secondLayer|result[2][1]~feeder          ; post-fitting  ; missing   ; Top                            ; post-synthesis    ; GND                                 ; The post-fitting netlist is not being used.  Set the partition's netlist type to source. ;
; secondlayer:u_secondLayer|result[2][1]~feeder          ; post-fitting  ; missing   ; Top                            ; post-synthesis    ; GND                                 ; The post-fitting netlist is not being used.  Set the partition's netlist type to source. ;
; secondlayer:u_secondLayer|result[2][20]~feeder         ; post-fitting  ; missing   ; Top                            ; post-synthesis    ; GND                                 ; The post-fitting netlist is not being used.  Set the partition's netlist type to source. ;
; secondlayer:u_secondLayer|result[2][20]~feeder         ; post-fitting  ; missing   ; Top                            ; post-synthesis    ; GND                                 ; The post-fitting netlist is not being used.  Set the partition's netlist type to source. ;
; secondlayer:u_secondLayer|result[2][21]~feeder         ; post-fitting  ; missing   ; Top                            ; post-synthesis    ; GND                                 ; The post-fitting netlist is not being used.  Set the partition's netlist type to source. ;
; secondlayer:u_secondLayer|result[2][21]~feeder         ; post-fitting  ; missing   ; Top                            ; post-synthesis    ; GND                                 ; The post-fitting netlist is not being used.  Set the partition's netlist type to source. ;
; secondlayer:u_secondLayer|result[2][25]~feeder         ; post-fitting  ; missing   ; Top                            ; post-synthesis    ; GND                                 ; The post-fitting netlist is not being used.  Set the partition's netlist type to source. ;
; secondlayer:u_secondLayer|result[2][25]~feeder         ; post-fitting  ; missing   ; Top                            ; post-synthesis    ; GND                                 ; The post-fitting netlist is not being used.  Set the partition's netlist type to source. ;
; secondlayer:u_secondLayer|result[2][2]~feeder          ; post-fitting  ; missing   ; Top                            ; post-synthesis    ; GND                                 ; The post-fitting netlist is not being used.  Set the partition's netlist type to source. ;
; secondlayer:u_secondLayer|result[2][2]~feeder          ; post-fitting  ; missing   ; Top                            ; post-synthesis    ; GND                                 ; The post-fitting netlist is not being used.  Set the partition's netlist type to source. ;
; secondlayer:u_secondLayer|result[2][4]~feeder          ; post-fitting  ; missing   ; Top                            ; post-synthesis    ; GND                                 ; The post-fitting netlist is not being used.  Set the partition's netlist type to source. ;
; secondlayer:u_secondLayer|result[2][4]~feeder          ; post-fitting  ; missing   ; Top                            ; post-synthesis    ; GND                                 ; The post-fitting netlist is not being used.  Set the partition's netlist type to source. ;
; secondlayer:u_secondLayer|result[2][5]~feeder          ; post-fitting  ; missing   ; Top                            ; post-synthesis    ; GND                                 ; The post-fitting netlist is not being used.  Set the partition's netlist type to source. ;
; secondlayer:u_secondLayer|result[2][5]~feeder          ; post-fitting  ; missing   ; Top                            ; post-synthesis    ; GND                                 ; The post-fitting netlist is not being used.  Set the partition's netlist type to source. ;
; secondlayer:u_secondLayer|result[3][11]~feeder         ; post-fitting  ; missing   ; Top                            ; post-synthesis    ; GND                                 ; The post-fitting netlist is not being used.  Set the partition's netlist type to source. ;
; secondlayer:u_secondLayer|result[3][11]~feeder         ; post-fitting  ; missing   ; Top                            ; post-synthesis    ; GND                                 ; The post-fitting netlist is not being used.  Set the partition's netlist type to source. ;
; secondlayer:u_secondLayer|result[3][12]~feeder         ; post-fitting  ; missing   ; Top                            ; post-synthesis    ; GND                                 ; The post-fitting netlist is not being used.  Set the partition's netlist type to source. ;
; secondlayer:u_secondLayer|result[3][12]~feeder         ; post-fitting  ; missing   ; Top                            ; post-synthesis    ; GND                                 ; The post-fitting netlist is not being used.  Set the partition's netlist type to source. ;
; secondlayer:u_secondLayer|result[3][14]~feeder         ; post-fitting  ; missing   ; Top                            ; post-synthesis    ; GND                                 ; The post-fitting netlist is not being used.  Set the partition's netlist type to source. ;
; secondlayer:u_secondLayer|result[3][14]~feeder         ; post-fitting  ; missing   ; Top                            ; post-synthesis    ; GND                                 ; The post-fitting netlist is not being used.  Set the partition's netlist type to source. ;
; secondlayer:u_secondLayer|result[3][22]~feeder         ; post-fitting  ; missing   ; Top                            ; post-synthesis    ; GND                                 ; The post-fitting netlist is not being used.  Set the partition's netlist type to source. ;
; secondlayer:u_secondLayer|result[3][22]~feeder         ; post-fitting  ; missing   ; Top                            ; post-synthesis    ; GND                                 ; The post-fitting netlist is not being used.  Set the partition's netlist type to source. ;
; secondlayer:u_secondLayer|result[3][24]~feeder         ; post-fitting  ; missing   ; Top                            ; post-synthesis    ; GND                                 ; The post-fitting netlist is not being used.  Set the partition's netlist type to source. ;
; secondlayer:u_secondLayer|result[3][24]~feeder         ; post-fitting  ; missing   ; Top                            ; post-synthesis    ; GND                                 ; The post-fitting netlist is not being used.  Set the partition's netlist type to source. ;
; secondlayer:u_secondLayer|result[4][11]~feeder         ; post-fitting  ; missing   ; Top                            ; post-synthesis    ; GND                                 ; The post-fitting netlist is not being used.  Set the partition's netlist type to source. ;
; secondlayer:u_secondLayer|result[4][11]~feeder         ; post-fitting  ; missing   ; Top                            ; post-synthesis    ; GND                                 ; The post-fitting netlist is not being used.  Set the partition's netlist type to source. ;
; secondlayer:u_secondLayer|result[4][14]~feeder         ; post-fitting  ; missing   ; Top                            ; post-synthesis    ; GND                                 ; The post-fitting netlist is not being used.  Set the partition's netlist type to source. ;
; secondlayer:u_secondLayer|result[4][14]~feeder         ; post-fitting  ; missing   ; Top                            ; post-synthesis    ; GND                                 ; The post-fitting netlist is not being used.  Set the partition's netlist type to source. ;
; secondlayer:u_secondLayer|result[4][18]~feeder         ; post-fitting  ; missing   ; Top                            ; post-synthesis    ; GND                                 ; The post-fitting netlist is not being used.  Set the partition's netlist type to source. ;
; secondlayer:u_secondLayer|result[4][18]~feeder         ; post-fitting  ; missing   ; Top                            ; post-synthesis    ; GND                                 ; The post-fitting netlist is not being used.  Set the partition's netlist type to source. ;
; secondlayer:u_secondLayer|result[4][24]~feeder         ; post-fitting  ; missing   ; Top                            ; post-synthesis    ; GND                                 ; The post-fitting netlist is not being used.  Set the partition's netlist type to source. ;
; secondlayer:u_secondLayer|result[4][24]~feeder         ; post-fitting  ; missing   ; Top                            ; post-synthesis    ; GND                                 ; The post-fitting netlist is not being used.  Set the partition's netlist type to source. ;
; secondlayer:u_secondLayer|result[4][5]~feeder          ; post-fitting  ; missing   ; Top                            ; post-synthesis    ; GND                                 ; The post-fitting netlist is not being used.  Set the partition's netlist type to source. ;
; secondlayer:u_secondLayer|result[4][5]~feeder          ; post-fitting  ; missing   ; Top                            ; post-synthesis    ; GND                                 ; The post-fitting netlist is not being used.  Set the partition's netlist type to source. ;
; secondlayer:u_secondLayer|result[4][8]~feeder          ; post-fitting  ; missing   ; Top                            ; post-synthesis    ; GND                                 ; The post-fitting netlist is not being used.  Set the partition's netlist type to source. ;
; secondlayer:u_secondLayer|result[4][8]~feeder          ; post-fitting  ; missing   ; Top                            ; post-synthesis    ; GND                                 ; The post-fitting netlist is not being used.  Set the partition's netlist type to source. ;
; secondlayer:u_secondLayer|result[4][9]~feeder          ; post-fitting  ; missing   ; Top                            ; post-synthesis    ; GND                                 ; The post-fitting netlist is not being used.  Set the partition's netlist type to source. ;
; secondlayer:u_secondLayer|result[4][9]~feeder          ; post-fitting  ; missing   ; Top                            ; post-synthesis    ; GND                                 ; The post-fitting netlist is not being used.  Set the partition's netlist type to source. ;
; secondlayer:u_secondLayer|result[5][12]~feeder         ; post-fitting  ; missing   ; Top                            ; post-synthesis    ; GND                                 ; The post-fitting netlist is not being used.  Set the partition's netlist type to source. ;
; secondlayer:u_secondLayer|result[5][12]~feeder         ; post-fitting  ; missing   ; Top                            ; post-synthesis    ; GND                                 ; The post-fitting netlist is not being used.  Set the partition's netlist type to source. ;
; secondlayer:u_secondLayer|result[5][1]~feeder          ; post-fitting  ; missing   ; Top                            ; post-synthesis    ; GND                                 ; The post-fitting netlist is not being used.  Set the partition's netlist type to source. ;
; secondlayer:u_secondLayer|result[5][1]~feeder          ; post-fitting  ; missing   ; Top                            ; post-synthesis    ; GND                                 ; The post-fitting netlist is not being used.  Set the partition's netlist type to source. ;
; secondlayer:u_secondLayer|result[5][20]~feeder         ; post-fitting  ; missing   ; Top                            ; post-synthesis    ; GND                                 ; The post-fitting netlist is not being used.  Set the partition's netlist type to source. ;
; secondlayer:u_secondLayer|result[5][20]~feeder         ; post-fitting  ; missing   ; Top                            ; post-synthesis    ; GND                                 ; The post-fitting netlist is not being used.  Set the partition's netlist type to source. ;
; secondlayer:u_secondLayer|result[5][23]~feeder         ; post-fitting  ; missing   ; Top                            ; post-synthesis    ; GND                                 ; The post-fitting netlist is not being used.  Set the partition's netlist type to source. ;
; secondlayer:u_secondLayer|result[5][23]~feeder         ; post-fitting  ; missing   ; Top                            ; post-synthesis    ; GND                                 ; The post-fitting netlist is not being used.  Set the partition's netlist type to source. ;
; secondlayer:u_secondLayer|result[5][24]~feeder         ; post-fitting  ; missing   ; Top                            ; post-synthesis    ; GND                                 ; The post-fitting netlist is not being used.  Set the partition's netlist type to source. ;
; secondlayer:u_secondLayer|result[5][24]~feeder         ; post-fitting  ; missing   ; Top                            ; post-synthesis    ; GND                                 ; The post-fitting netlist is not being used.  Set the partition's netlist type to source. ;
; secondlayer:u_secondLayer|result[5][2]~feeder          ; post-fitting  ; missing   ; Top                            ; post-synthesis    ; GND                                 ; The post-fitting netlist is not being used.  Set the partition's netlist type to source. ;
; secondlayer:u_secondLayer|result[5][2]~feeder          ; post-fitting  ; missing   ; Top                            ; post-synthesis    ; GND                                 ; The post-fitting netlist is not being used.  Set the partition's netlist type to source. ;
; secondlayer:u_secondLayer|result[5][3]~feeder          ; post-fitting  ; missing   ; Top                            ; post-synthesis    ; GND                                 ; The post-fitting netlist is not being used.  Set the partition's netlist type to source. ;
; secondlayer:u_secondLayer|result[5][3]~feeder          ; post-fitting  ; missing   ; Top                            ; post-synthesis    ; GND                                 ; The post-fitting netlist is not being used.  Set the partition's netlist type to source. ;
; secondlayer:u_secondLayer|result[5][6]~feeder          ; post-fitting  ; missing   ; Top                            ; post-synthesis    ; GND                                 ; The post-fitting netlist is not being used.  Set the partition's netlist type to source. ;
; secondlayer:u_secondLayer|result[5][6]~feeder          ; post-fitting  ; missing   ; Top                            ; post-synthesis    ; GND                                 ; The post-fitting netlist is not being used.  Set the partition's netlist type to source. ;
; secondlayer:u_secondLayer|result[5][7]~feeder          ; post-fitting  ; missing   ; Top                            ; post-synthesis    ; GND                                 ; The post-fitting netlist is not being used.  Set the partition's netlist type to source. ;
; secondlayer:u_secondLayer|result[5][7]~feeder          ; post-fitting  ; missing   ; Top                            ; post-synthesis    ; GND                                 ; The post-fitting netlist is not being used.  Set the partition's netlist type to source. ;
; secondlayer:u_secondLayer|result[6][14]~feeder         ; post-fitting  ; missing   ; Top                            ; post-synthesis    ; GND                                 ; The post-fitting netlist is not being used.  Set the partition's netlist type to source. ;
; secondlayer:u_secondLayer|result[6][14]~feeder         ; post-fitting  ; missing   ; Top                            ; post-synthesis    ; GND                                 ; The post-fitting netlist is not being used.  Set the partition's netlist type to source. ;
; secondlayer:u_secondLayer|result[6][15]~feeder         ; post-fitting  ; missing   ; Top                            ; post-synthesis    ; GND                                 ; The post-fitting netlist is not being used.  Set the partition's netlist type to source. ;
; secondlayer:u_secondLayer|result[6][15]~feeder         ; post-fitting  ; missing   ; Top                            ; post-synthesis    ; GND                                 ; The post-fitting netlist is not being used.  Set the partition's netlist type to source. ;
; secondlayer:u_secondLayer|result[6][17]~feeder         ; post-fitting  ; missing   ; Top                            ; post-synthesis    ; GND                                 ; The post-fitting netlist is not being used.  Set the partition's netlist type to source. ;
; secondlayer:u_secondLayer|result[6][17]~feeder         ; post-fitting  ; missing   ; Top                            ; post-synthesis    ; GND                                 ; The post-fitting netlist is not being used.  Set the partition's netlist type to source. ;
; secondlayer:u_secondLayer|result[6][18]~feeder         ; post-fitting  ; missing   ; Top                            ; post-synthesis    ; GND                                 ; The post-fitting netlist is not being used.  Set the partition's netlist type to source. ;
; secondlayer:u_secondLayer|result[6][18]~feeder         ; post-fitting  ; missing   ; Top                            ; post-synthesis    ; GND                                 ; The post-fitting netlist is not being used.  Set the partition's netlist type to source. ;
; secondlayer:u_secondLayer|result[6][19]~feeder         ; post-fitting  ; missing   ; Top                            ; post-synthesis    ; GND                                 ; The post-fitting netlist is not being used.  Set the partition's netlist type to source. ;
; secondlayer:u_secondLayer|result[6][19]~feeder         ; post-fitting  ; missing   ; Top                            ; post-synthesis    ; GND                                 ; The post-fitting netlist is not being used.  Set the partition's netlist type to source. ;
; secondlayer:u_secondLayer|result[6][23]~feeder         ; post-fitting  ; missing   ; Top                            ; post-synthesis    ; GND                                 ; The post-fitting netlist is not being used.  Set the partition's netlist type to source. ;
; secondlayer:u_secondLayer|result[6][23]~feeder         ; post-fitting  ; missing   ; Top                            ; post-synthesis    ; GND                                 ; The post-fitting netlist is not being used.  Set the partition's netlist type to source. ;
; secondlayer:u_secondLayer|result[6][7]~feeder          ; post-fitting  ; missing   ; Top                            ; post-synthesis    ; GND                                 ; The post-fitting netlist is not being used.  Set the partition's netlist type to source. ;
; secondlayer:u_secondLayer|result[6][7]~feeder          ; post-fitting  ; missing   ; Top                            ; post-synthesis    ; GND                                 ; The post-fitting netlist is not being used.  Set the partition's netlist type to source. ;
; secondlayer:u_secondLayer|result[7][0]~feeder          ; post-fitting  ; missing   ; Top                            ; post-synthesis    ; GND                                 ; The post-fitting netlist is not being used.  Set the partition's netlist type to source. ;
; secondlayer:u_secondLayer|result[7][0]~feeder          ; post-fitting  ; missing   ; Top                            ; post-synthesis    ; GND                                 ; The post-fitting netlist is not being used.  Set the partition's netlist type to source. ;
; secondlayer:u_secondLayer|result[7][10]~feeder         ; post-fitting  ; missing   ; Top                            ; post-synthesis    ; GND                                 ; The post-fitting netlist is not being used.  Set the partition's netlist type to source. ;
; secondlayer:u_secondLayer|result[7][10]~feeder         ; post-fitting  ; missing   ; Top                            ; post-synthesis    ; GND                                 ; The post-fitting netlist is not being used.  Set the partition's netlist type to source. ;
; secondlayer:u_secondLayer|result[7][14]~feeder         ; post-fitting  ; missing   ; Top                            ; post-synthesis    ; GND                                 ; The post-fitting netlist is not being used.  Set the partition's netlist type to source. ;
; secondlayer:u_secondLayer|result[7][14]~feeder         ; post-fitting  ; missing   ; Top                            ; post-synthesis    ; GND                                 ; The post-fitting netlist is not being used.  Set the partition's netlist type to source. ;
; secondlayer:u_secondLayer|result[7][16]~feeder         ; post-fitting  ; missing   ; Top                            ; post-synthesis    ; GND                                 ; The post-fitting netlist is not being used.  Set the partition's netlist type to source. ;
; secondlayer:u_secondLayer|result[7][16]~feeder         ; post-fitting  ; missing   ; Top                            ; post-synthesis    ; GND                                 ; The post-fitting netlist is not being used.  Set the partition's netlist type to source. ;
; secondlayer:u_secondLayer|result[7][3]~feeder          ; post-fitting  ; missing   ; Top                            ; post-synthesis    ; GND                                 ; The post-fitting netlist is not being used.  Set the partition's netlist type to source. ;
; secondlayer:u_secondLayer|result[7][3]~feeder          ; post-fitting  ; missing   ; Top                            ; post-synthesis    ; GND                                 ; The post-fitting netlist is not being used.  Set the partition's netlist type to source. ;
; secondlayer:u_secondLayer|result[7][5]~feeder          ; post-fitting  ; missing   ; Top                            ; post-synthesis    ; GND                                 ; The post-fitting netlist is not being used.  Set the partition's netlist type to source. ;
; secondlayer:u_secondLayer|result[7][5]~feeder          ; post-fitting  ; missing   ; Top                            ; post-synthesis    ; GND                                 ; The post-fitting netlist is not being used.  Set the partition's netlist type to source. ;
; secondlayer:u_secondLayer|result[8][0]~feeder          ; post-fitting  ; missing   ; Top                            ; post-synthesis    ; GND                                 ; The post-fitting netlist is not being used.  Set the partition's netlist type to source. ;
; secondlayer:u_secondLayer|result[8][0]~feeder          ; post-fitting  ; missing   ; Top                            ; post-synthesis    ; GND                                 ; The post-fitting netlist is not being used.  Set the partition's netlist type to source. ;
; secondlayer:u_secondLayer|result[8][12]~feeder         ; post-fitting  ; missing   ; Top                            ; post-synthesis    ; GND                                 ; The post-fitting netlist is not being used.  Set the partition's netlist type to source. ;
; secondlayer:u_secondLayer|result[8][12]~feeder         ; post-fitting  ; missing   ; Top                            ; post-synthesis    ; GND                                 ; The post-fitting netlist is not being used.  Set the partition's netlist type to source. ;
; secondlayer:u_secondLayer|result[8][13]~feeder         ; post-fitting  ; missing   ; Top                            ; post-synthesis    ; GND                                 ; The post-fitting netlist is not being used.  Set the partition's netlist type to source. ;
; secondlayer:u_secondLayer|result[8][13]~feeder         ; post-fitting  ; missing   ; Top                            ; post-synthesis    ; GND                                 ; The post-fitting netlist is not being used.  Set the partition's netlist type to source. ;
; secondlayer:u_secondLayer|result[8][14]~feeder         ; post-fitting  ; missing   ; Top                            ; post-synthesis    ; GND                                 ; The post-fitting netlist is not being used.  Set the partition's netlist type to source. ;
; secondlayer:u_secondLayer|result[8][14]~feeder         ; post-fitting  ; missing   ; Top                            ; post-synthesis    ; GND                                 ; The post-fitting netlist is not being used.  Set the partition's netlist type to source. ;
; secondlayer:u_secondLayer|result[8][15]~feeder         ; post-fitting  ; missing   ; Top                            ; post-synthesis    ; GND                                 ; The post-fitting netlist is not being used.  Set the partition's netlist type to source. ;
; secondlayer:u_secondLayer|result[8][15]~feeder         ; post-fitting  ; missing   ; Top                            ; post-synthesis    ; GND                                 ; The post-fitting netlist is not being used.  Set the partition's netlist type to source. ;
; secondlayer:u_secondLayer|result[8][17]~feeder         ; post-fitting  ; missing   ; Top                            ; post-synthesis    ; GND                                 ; The post-fitting netlist is not being used.  Set the partition's netlist type to source. ;
; secondlayer:u_secondLayer|result[8][17]~feeder         ; post-fitting  ; missing   ; Top                            ; post-synthesis    ; GND                                 ; The post-fitting netlist is not being used.  Set the partition's netlist type to source. ;
; secondlayer:u_secondLayer|result[8][1]~feeder          ; post-fitting  ; missing   ; Top                            ; post-synthesis    ; GND                                 ; The post-fitting netlist is not being used.  Set the partition's netlist type to source. ;
; secondlayer:u_secondLayer|result[8][1]~feeder          ; post-fitting  ; missing   ; Top                            ; post-synthesis    ; GND                                 ; The post-fitting netlist is not being used.  Set the partition's netlist type to source. ;
; secondlayer:u_secondLayer|result[8][21]~feeder         ; post-fitting  ; missing   ; Top                            ; post-synthesis    ; GND                                 ; The post-fitting netlist is not being used.  Set the partition's netlist type to source. ;
; secondlayer:u_secondLayer|result[8][21]~feeder         ; post-fitting  ; missing   ; Top                            ; post-synthesis    ; GND                                 ; The post-fitting netlist is not being used.  Set the partition's netlist type to source. ;
; secondlayer:u_secondLayer|result[8][2]~feeder          ; post-fitting  ; missing   ; Top                            ; post-synthesis    ; GND                                 ; The post-fitting netlist is not being used.  Set the partition's netlist type to source. ;
; secondlayer:u_secondLayer|result[8][2]~feeder          ; post-fitting  ; missing   ; Top                            ; post-synthesis    ; GND                                 ; The post-fitting netlist is not being used.  Set the partition's netlist type to source. ;
; secondlayer:u_secondLayer|result[8][6]~feeder          ; post-fitting  ; missing   ; Top                            ; post-synthesis    ; GND                                 ; The post-fitting netlist is not being used.  Set the partition's netlist type to source. ;
; secondlayer:u_secondLayer|result[8][6]~feeder          ; post-fitting  ; missing   ; Top                            ; post-synthesis    ; GND                                 ; The post-fitting netlist is not being used.  Set the partition's netlist type to source. ;
; secondlayer:u_secondLayer|result[8][7]~feeder          ; post-fitting  ; missing   ; Top                            ; post-synthesis    ; GND                                 ; The post-fitting netlist is not being used.  Set the partition's netlist type to source. ;
; secondlayer:u_secondLayer|result[8][7]~feeder          ; post-fitting  ; missing   ; Top                            ; post-synthesis    ; GND                                 ; The post-fitting netlist is not being used.  Set the partition's netlist type to source. ;
; secondlayer:u_secondLayer|result[9][10]~feeder         ; post-fitting  ; missing   ; Top                            ; post-synthesis    ; GND                                 ; The post-fitting netlist is not being used.  Set the partition's netlist type to source. ;
; secondlayer:u_secondLayer|result[9][10]~feeder         ; post-fitting  ; missing   ; Top                            ; post-synthesis    ; GND                                 ; The post-fitting netlist is not being used.  Set the partition's netlist type to source. ;
; secondlayer:u_secondLayer|result[9][11]~feeder         ; post-fitting  ; missing   ; Top                            ; post-synthesis    ; GND                                 ; The post-fitting netlist is not being used.  Set the partition's netlist type to source. ;
; secondlayer:u_secondLayer|result[9][11]~feeder         ; post-fitting  ; missing   ; Top                            ; post-synthesis    ; GND                                 ; The post-fitting netlist is not being used.  Set the partition's netlist type to source. ;
; secondlayer:u_secondLayer|result[9][14]~feeder         ; post-fitting  ; missing   ; Top                            ; post-synthesis    ; GND                                 ; The post-fitting netlist is not being used.  Set the partition's netlist type to source. ;
; secondlayer:u_secondLayer|result[9][14]~feeder         ; post-fitting  ; missing   ; Top                            ; post-synthesis    ; GND                                 ; The post-fitting netlist is not being used.  Set the partition's netlist type to source. ;
; secondlayer:u_secondLayer|result[9][18]~feeder         ; post-fitting  ; missing   ; Top                            ; post-synthesis    ; GND                                 ; The post-fitting netlist is not being used.  Set the partition's netlist type to source. ;
; secondlayer:u_secondLayer|result[9][18]~feeder         ; post-fitting  ; missing   ; Top                            ; post-synthesis    ; GND                                 ; The post-fitting netlist is not being used.  Set the partition's netlist type to source. ;
; secondlayer:u_secondLayer|result[9][19]~feeder         ; post-fitting  ; missing   ; Top                            ; post-synthesis    ; GND                                 ; The post-fitting netlist is not being used.  Set the partition's netlist type to source. ;
; secondlayer:u_secondLayer|result[9][19]~feeder         ; post-fitting  ; missing   ; Top                            ; post-synthesis    ; GND                                 ; The post-fitting netlist is not being used.  Set the partition's netlist type to source. ;
; secondlayer:u_secondLayer|result[9][20]~feeder         ; post-fitting  ; missing   ; Top                            ; post-synthesis    ; GND                                 ; The post-fitting netlist is not being used.  Set the partition's netlist type to source. ;
; secondlayer:u_secondLayer|result[9][20]~feeder         ; post-fitting  ; missing   ; Top                            ; post-synthesis    ; GND                                 ; The post-fitting netlist is not being used.  Set the partition's netlist type to source. ;
; secondlayer:u_secondLayer|result[9][21]~feeder         ; post-fitting  ; missing   ; Top                            ; post-synthesis    ; GND                                 ; The post-fitting netlist is not being used.  Set the partition's netlist type to source. ;
; secondlayer:u_secondLayer|result[9][21]~feeder         ; post-fitting  ; missing   ; Top                            ; post-synthesis    ; GND                                 ; The post-fitting netlist is not being used.  Set the partition's netlist type to source. ;
; secondlayer:u_secondLayer|result[9][22]~feeder         ; post-fitting  ; missing   ; Top                            ; post-synthesis    ; GND                                 ; The post-fitting netlist is not being used.  Set the partition's netlist type to source. ;
; secondlayer:u_secondLayer|result[9][22]~feeder         ; post-fitting  ; missing   ; Top                            ; post-synthesis    ; GND                                 ; The post-fitting netlist is not being used.  Set the partition's netlist type to source. ;
; secondlayer:u_secondLayer|result[9][3]~feeder          ; post-fitting  ; missing   ; Top                            ; post-synthesis    ; GND                                 ; The post-fitting netlist is not being used.  Set the partition's netlist type to source. ;
; secondlayer:u_secondLayer|result[9][3]~feeder          ; post-fitting  ; missing   ; Top                            ; post-synthesis    ; GND                                 ; The post-fitting netlist is not being used.  Set the partition's netlist type to source. ;
; secondlayer:u_secondLayer|result[9][4]~feeder          ; post-fitting  ; missing   ; Top                            ; post-synthesis    ; GND                                 ; The post-fitting netlist is not being used.  Set the partition's netlist type to source. ;
; secondlayer:u_secondLayer|result[9][4]~feeder          ; post-fitting  ; missing   ; Top                            ; post-synthesis    ; GND                                 ; The post-fitting netlist is not being used.  Set the partition's netlist type to source. ;
; secondlayer:u_secondLayer|result[9][7]~feeder          ; post-fitting  ; missing   ; Top                            ; post-synthesis    ; GND                                 ; The post-fitting netlist is not being used.  Set the partition's netlist type to source. ;
; secondlayer:u_secondLayer|result[9][7]~feeder          ; post-fitting  ; missing   ; Top                            ; post-synthesis    ; GND                                 ; The post-fitting netlist is not being used.  Set the partition's netlist type to source. ;
; secondlayer:u_secondLayer|state.COLUMN                 ; post-fitting  ; missing   ; Top                            ; post-synthesis    ; GND                                 ; The post-fitting netlist is not being used.  Set the partition's netlist type to source. ;
; secondlayer:u_secondLayer|state.COLUMN                 ; post-fitting  ; missing   ; Top                            ; post-synthesis    ; GND                                 ; The post-fitting netlist is not being used.  Set the partition's netlist type to source. ;
; secondlayer:u_secondLayer|state.COMPLETE               ; post-fitting  ; missing   ; Top                            ; post-synthesis    ; GND                                 ; The post-fitting netlist is not being used.  Set the partition's netlist type to source. ;
; secondlayer:u_secondLayer|state.COMPLETE               ; post-fitting  ; missing   ; Top                            ; post-synthesis    ; GND                                 ; The post-fitting netlist is not being used.  Set the partition's netlist type to source. ;
; secondlayer:u_secondLayer|state.IDLE                   ; post-fitting  ; missing   ; Top                            ; post-synthesis    ; GND                                 ; The post-fitting netlist is not being used.  Set the partition's netlist type to source. ;
; secondlayer:u_secondLayer|state.IDLE                   ; post-fitting  ; missing   ; Top                            ; post-synthesis    ; GND                                 ; The post-fitting netlist is not being used.  Set the partition's netlist type to source. ;
; secondlayer:u_secondLayer|state.IDLE~feeder            ; post-fitting  ; missing   ; Top                            ; post-synthesis    ; GND                                 ; The post-fitting netlist is not being used.  Set the partition's netlist type to source. ;
; secondlayer:u_secondLayer|state.IDLE~feeder            ; post-fitting  ; missing   ; Top                            ; post-synthesis    ; GND                                 ; The post-fitting netlist is not being used.  Set the partition's netlist type to source. ;
; secondlayer:u_secondLayer|state.ROW                    ; post-fitting  ; missing   ; Top                            ; post-synthesis    ; GND                                 ; The post-fitting netlist is not being used.  Set the partition's netlist type to source. ;
; secondlayer:u_secondLayer|state.ROW                    ; post-fitting  ; missing   ; Top                            ; post-synthesis    ; GND                                 ; The post-fitting netlist is not being used.  Set the partition's netlist type to source. ;
; secondlayer:u_secondLayer|sum[0]~SCLR_LUT              ; post-fitting  ; missing   ; Top                            ; post-synthesis    ; GND                                 ; The post-fitting netlist is not being used.  Set the partition's netlist type to source. ;
; secondlayer:u_secondLayer|sum[0]~SCLR_LUT              ; post-fitting  ; missing   ; Top                            ; post-synthesis    ; GND                                 ; The post-fitting netlist is not being used.  Set the partition's netlist type to source. ;
; secondlayer:u_secondLayer|sum[0]~_Duplicate_1          ; post-fitting  ; missing   ; Top                            ; post-synthesis    ; GND                                 ; The post-fitting netlist is not being used.  Set the partition's netlist type to source. ;
; secondlayer:u_secondLayer|sum[0]~_Duplicate_1          ; post-fitting  ; missing   ; Top                            ; post-synthesis    ; GND                                 ; The post-fitting netlist is not being used.  Set the partition's netlist type to source. ;
; secondlayer:u_secondLayer|sum[10]~SCLR_LUT             ; post-fitting  ; missing   ; Top                            ; post-synthesis    ; GND                                 ; The post-fitting netlist is not being used.  Set the partition's netlist type to source. ;
; secondlayer:u_secondLayer|sum[10]~SCLR_LUT             ; post-fitting  ; missing   ; Top                            ; post-synthesis    ; GND                                 ; The post-fitting netlist is not being used.  Set the partition's netlist type to source. ;
; secondlayer:u_secondLayer|sum[10]~_Duplicate_1         ; post-fitting  ; missing   ; Top                            ; post-synthesis    ; GND                                 ; The post-fitting netlist is not being used.  Set the partition's netlist type to source. ;
; secondlayer:u_secondLayer|sum[10]~_Duplicate_1         ; post-fitting  ; missing   ; Top                            ; post-synthesis    ; GND                                 ; The post-fitting netlist is not being used.  Set the partition's netlist type to source. ;
; secondlayer:u_secondLayer|sum[11]~SCLR_LUT             ; post-fitting  ; missing   ; Top                            ; post-synthesis    ; GND                                 ; The post-fitting netlist is not being used.  Set the partition's netlist type to source. ;
; secondlayer:u_secondLayer|sum[11]~SCLR_LUT             ; post-fitting  ; missing   ; Top                            ; post-synthesis    ; GND                                 ; The post-fitting netlist is not being used.  Set the partition's netlist type to source. ;
; secondlayer:u_secondLayer|sum[11]~_Duplicate_1         ; post-fitting  ; missing   ; Top                            ; post-synthesis    ; GND                                 ; The post-fitting netlist is not being used.  Set the partition's netlist type to source. ;
; secondlayer:u_secondLayer|sum[11]~_Duplicate_1         ; post-fitting  ; missing   ; Top                            ; post-synthesis    ; GND                                 ; The post-fitting netlist is not being used.  Set the partition's netlist type to source. ;
; secondlayer:u_secondLayer|sum[12]~SCLR_LUT             ; post-fitting  ; missing   ; Top                            ; post-synthesis    ; GND                                 ; The post-fitting netlist is not being used.  Set the partition's netlist type to source. ;
; secondlayer:u_secondLayer|sum[12]~SCLR_LUT             ; post-fitting  ; missing   ; Top                            ; post-synthesis    ; GND                                 ; The post-fitting netlist is not being used.  Set the partition's netlist type to source. ;
; secondlayer:u_secondLayer|sum[12]~_Duplicate_1         ; post-fitting  ; missing   ; Top                            ; post-synthesis    ; GND                                 ; The post-fitting netlist is not being used.  Set the partition's netlist type to source. ;
; secondlayer:u_secondLayer|sum[12]~_Duplicate_1         ; post-fitting  ; missing   ; Top                            ; post-synthesis    ; GND                                 ; The post-fitting netlist is not being used.  Set the partition's netlist type to source. ;
; secondlayer:u_secondLayer|sum[13]~SCLR_LUT             ; post-fitting  ; missing   ; Top                            ; post-synthesis    ; GND                                 ; The post-fitting netlist is not being used.  Set the partition's netlist type to source. ;
; secondlayer:u_secondLayer|sum[13]~SCLR_LUT             ; post-fitting  ; missing   ; Top                            ; post-synthesis    ; GND                                 ; The post-fitting netlist is not being used.  Set the partition's netlist type to source. ;
; secondlayer:u_secondLayer|sum[13]~_Duplicate_1         ; post-fitting  ; missing   ; Top                            ; post-synthesis    ; GND                                 ; The post-fitting netlist is not being used.  Set the partition's netlist type to source. ;
; secondlayer:u_secondLayer|sum[13]~_Duplicate_1         ; post-fitting  ; missing   ; Top                            ; post-synthesis    ; GND                                 ; The post-fitting netlist is not being used.  Set the partition's netlist type to source. ;
; secondlayer:u_secondLayer|sum[14]~SCLR_LUT             ; post-fitting  ; missing   ; Top                            ; post-synthesis    ; GND                                 ; The post-fitting netlist is not being used.  Set the partition's netlist type to source. ;
; secondlayer:u_secondLayer|sum[14]~SCLR_LUT             ; post-fitting  ; missing   ; Top                            ; post-synthesis    ; GND                                 ; The post-fitting netlist is not being used.  Set the partition's netlist type to source. ;
; secondlayer:u_secondLayer|sum[14]~_Duplicate_1         ; post-fitting  ; missing   ; Top                            ; post-synthesis    ; GND                                 ; The post-fitting netlist is not being used.  Set the partition's netlist type to source. ;
; secondlayer:u_secondLayer|sum[14]~_Duplicate_1         ; post-fitting  ; missing   ; Top                            ; post-synthesis    ; GND                                 ; The post-fitting netlist is not being used.  Set the partition's netlist type to source. ;
; secondlayer:u_secondLayer|sum[15]~SCLR_LUT             ; post-fitting  ; missing   ; Top                            ; post-synthesis    ; GND                                 ; The post-fitting netlist is not being used.  Set the partition's netlist type to source. ;
; secondlayer:u_secondLayer|sum[15]~SCLR_LUT             ; post-fitting  ; missing   ; Top                            ; post-synthesis    ; GND                                 ; The post-fitting netlist is not being used.  Set the partition's netlist type to source. ;
; secondlayer:u_secondLayer|sum[15]~_Duplicate_1         ; post-fitting  ; missing   ; Top                            ; post-synthesis    ; GND                                 ; The post-fitting netlist is not being used.  Set the partition's netlist type to source. ;
; secondlayer:u_secondLayer|sum[15]~_Duplicate_1         ; post-fitting  ; missing   ; Top                            ; post-synthesis    ; GND                                 ; The post-fitting netlist is not being used.  Set the partition's netlist type to source. ;
; secondlayer:u_secondLayer|sum[16]~SCLR_LUT             ; post-fitting  ; missing   ; Top                            ; post-synthesis    ; GND                                 ; The post-fitting netlist is not being used.  Set the partition's netlist type to source. ;
; secondlayer:u_secondLayer|sum[16]~SCLR_LUT             ; post-fitting  ; missing   ; Top                            ; post-synthesis    ; GND                                 ; The post-fitting netlist is not being used.  Set the partition's netlist type to source. ;
; secondlayer:u_secondLayer|sum[16]~_Duplicate_1         ; post-fitting  ; missing   ; Top                            ; post-synthesis    ; GND                                 ; The post-fitting netlist is not being used.  Set the partition's netlist type to source. ;
; secondlayer:u_secondLayer|sum[16]~_Duplicate_1         ; post-fitting  ; missing   ; Top                            ; post-synthesis    ; GND                                 ; The post-fitting netlist is not being used.  Set the partition's netlist type to source. ;
; secondlayer:u_secondLayer|sum[17]~SCLR_LUT             ; post-fitting  ; missing   ; Top                            ; post-synthesis    ; GND                                 ; The post-fitting netlist is not being used.  Set the partition's netlist type to source. ;
; secondlayer:u_secondLayer|sum[17]~SCLR_LUT             ; post-fitting  ; missing   ; Top                            ; post-synthesis    ; GND                                 ; The post-fitting netlist is not being used.  Set the partition's netlist type to source. ;
; secondlayer:u_secondLayer|sum[17]~_Duplicate_1         ; post-fitting  ; missing   ; Top                            ; post-synthesis    ; GND                                 ; The post-fitting netlist is not being used.  Set the partition's netlist type to source. ;
; secondlayer:u_secondLayer|sum[17]~_Duplicate_1         ; post-fitting  ; missing   ; Top                            ; post-synthesis    ; GND                                 ; The post-fitting netlist is not being used.  Set the partition's netlist type to source. ;
; secondlayer:u_secondLayer|sum[18]~SCLR_LUT             ; post-fitting  ; missing   ; Top                            ; post-synthesis    ; GND                                 ; The post-fitting netlist is not being used.  Set the partition's netlist type to source. ;
; secondlayer:u_secondLayer|sum[18]~SCLR_LUT             ; post-fitting  ; missing   ; Top                            ; post-synthesis    ; GND                                 ; The post-fitting netlist is not being used.  Set the partition's netlist type to source. ;
; secondlayer:u_secondLayer|sum[18]~_Duplicate_1         ; post-fitting  ; missing   ; Top                            ; post-synthesis    ; GND                                 ; The post-fitting netlist is not being used.  Set the partition's netlist type to source. ;
; secondlayer:u_secondLayer|sum[18]~_Duplicate_1         ; post-fitting  ; missing   ; Top                            ; post-synthesis    ; GND                                 ; The post-fitting netlist is not being used.  Set the partition's netlist type to source. ;
; secondlayer:u_secondLayer|sum[19]~SCLR_LUT             ; post-fitting  ; missing   ; Top                            ; post-synthesis    ; GND                                 ; The post-fitting netlist is not being used.  Set the partition's netlist type to source. ;
; secondlayer:u_secondLayer|sum[19]~SCLR_LUT             ; post-fitting  ; missing   ; Top                            ; post-synthesis    ; GND                                 ; The post-fitting netlist is not being used.  Set the partition's netlist type to source. ;
; secondlayer:u_secondLayer|sum[19]~_Duplicate_1         ; post-fitting  ; missing   ; Top                            ; post-synthesis    ; GND                                 ; The post-fitting netlist is not being used.  Set the partition's netlist type to source. ;
; secondlayer:u_secondLayer|sum[19]~_Duplicate_1         ; post-fitting  ; missing   ; Top                            ; post-synthesis    ; GND                                 ; The post-fitting netlist is not being used.  Set the partition's netlist type to source. ;
; secondlayer:u_secondLayer|sum[1]~SCLR_LUT              ; post-fitting  ; missing   ; Top                            ; post-synthesis    ; GND                                 ; The post-fitting netlist is not being used.  Set the partition's netlist type to source. ;
; secondlayer:u_secondLayer|sum[1]~SCLR_LUT              ; post-fitting  ; missing   ; Top                            ; post-synthesis    ; GND                                 ; The post-fitting netlist is not being used.  Set the partition's netlist type to source. ;
; secondlayer:u_secondLayer|sum[1]~_Duplicate_1          ; post-fitting  ; missing   ; Top                            ; post-synthesis    ; GND                                 ; The post-fitting netlist is not being used.  Set the partition's netlist type to source. ;
; secondlayer:u_secondLayer|sum[1]~_Duplicate_1          ; post-fitting  ; missing   ; Top                            ; post-synthesis    ; GND                                 ; The post-fitting netlist is not being used.  Set the partition's netlist type to source. ;
; secondlayer:u_secondLayer|sum[20]~SCLR_LUT             ; post-fitting  ; missing   ; Top                            ; post-synthesis    ; GND                                 ; The post-fitting netlist is not being used.  Set the partition's netlist type to source. ;
; secondlayer:u_secondLayer|sum[20]~SCLR_LUT             ; post-fitting  ; missing   ; Top                            ; post-synthesis    ; GND                                 ; The post-fitting netlist is not being used.  Set the partition's netlist type to source. ;
; secondlayer:u_secondLayer|sum[20]~_Duplicate_1         ; post-fitting  ; missing   ; Top                            ; post-synthesis    ; GND                                 ; The post-fitting netlist is not being used.  Set the partition's netlist type to source. ;
; secondlayer:u_secondLayer|sum[20]~_Duplicate_1         ; post-fitting  ; missing   ; Top                            ; post-synthesis    ; GND                                 ; The post-fitting netlist is not being used.  Set the partition's netlist type to source. ;
; secondlayer:u_secondLayer|sum[21]~SCLR_LUT             ; post-fitting  ; missing   ; Top                            ; post-synthesis    ; GND                                 ; The post-fitting netlist is not being used.  Set the partition's netlist type to source. ;
; secondlayer:u_secondLayer|sum[21]~SCLR_LUT             ; post-fitting  ; missing   ; Top                            ; post-synthesis    ; GND                                 ; The post-fitting netlist is not being used.  Set the partition's netlist type to source. ;
; secondlayer:u_secondLayer|sum[21]~_Duplicate_1         ; post-fitting  ; missing   ; Top                            ; post-synthesis    ; GND                                 ; The post-fitting netlist is not being used.  Set the partition's netlist type to source. ;
; secondlayer:u_secondLayer|sum[21]~_Duplicate_1         ; post-fitting  ; missing   ; Top                            ; post-synthesis    ; GND                                 ; The post-fitting netlist is not being used.  Set the partition's netlist type to source. ;
; secondlayer:u_secondLayer|sum[22]~SCLR_LUT             ; post-fitting  ; missing   ; Top                            ; post-synthesis    ; GND                                 ; The post-fitting netlist is not being used.  Set the partition's netlist type to source. ;
; secondlayer:u_secondLayer|sum[22]~SCLR_LUT             ; post-fitting  ; missing   ; Top                            ; post-synthesis    ; GND                                 ; The post-fitting netlist is not being used.  Set the partition's netlist type to source. ;
; secondlayer:u_secondLayer|sum[22]~_Duplicate_1         ; post-fitting  ; missing   ; Top                            ; post-synthesis    ; GND                                 ; The post-fitting netlist is not being used.  Set the partition's netlist type to source. ;
; secondlayer:u_secondLayer|sum[22]~_Duplicate_1         ; post-fitting  ; missing   ; Top                            ; post-synthesis    ; GND                                 ; The post-fitting netlist is not being used.  Set the partition's netlist type to source. ;
; secondlayer:u_secondLayer|sum[23]~SCLR_LUT             ; post-fitting  ; missing   ; Top                            ; post-synthesis    ; GND                                 ; The post-fitting netlist is not being used.  Set the partition's netlist type to source. ;
; secondlayer:u_secondLayer|sum[23]~SCLR_LUT             ; post-fitting  ; missing   ; Top                            ; post-synthesis    ; GND                                 ; The post-fitting netlist is not being used.  Set the partition's netlist type to source. ;
; secondlayer:u_secondLayer|sum[23]~_Duplicate_1         ; post-fitting  ; missing   ; Top                            ; post-synthesis    ; GND                                 ; The post-fitting netlist is not being used.  Set the partition's netlist type to source. ;
; secondlayer:u_secondLayer|sum[23]~_Duplicate_1         ; post-fitting  ; missing   ; Top                            ; post-synthesis    ; GND                                 ; The post-fitting netlist is not being used.  Set the partition's netlist type to source. ;
; secondlayer:u_secondLayer|sum[24]~SCLR_LUT             ; post-fitting  ; missing   ; Top                            ; post-synthesis    ; GND                                 ; The post-fitting netlist is not being used.  Set the partition's netlist type to source. ;
; secondlayer:u_secondLayer|sum[24]~SCLR_LUT             ; post-fitting  ; missing   ; Top                            ; post-synthesis    ; GND                                 ; The post-fitting netlist is not being used.  Set the partition's netlist type to source. ;
; secondlayer:u_secondLayer|sum[24]~_Duplicate_1         ; post-fitting  ; missing   ; Top                            ; post-synthesis    ; GND                                 ; The post-fitting netlist is not being used.  Set the partition's netlist type to source. ;
; secondlayer:u_secondLayer|sum[24]~_Duplicate_1         ; post-fitting  ; missing   ; Top                            ; post-synthesis    ; GND                                 ; The post-fitting netlist is not being used.  Set the partition's netlist type to source. ;
; secondlayer:u_secondLayer|sum[25]~SCLR_LUT             ; post-fitting  ; missing   ; Top                            ; post-synthesis    ; GND                                 ; The post-fitting netlist is not being used.  Set the partition's netlist type to source. ;
; secondlayer:u_secondLayer|sum[25]~SCLR_LUT             ; post-fitting  ; missing   ; Top                            ; post-synthesis    ; GND                                 ; The post-fitting netlist is not being used.  Set the partition's netlist type to source. ;
; secondlayer:u_secondLayer|sum[25]~_Duplicate_1         ; post-fitting  ; missing   ; Top                            ; post-synthesis    ; GND                                 ; The post-fitting netlist is not being used.  Set the partition's netlist type to source. ;
; secondlayer:u_secondLayer|sum[25]~_Duplicate_1         ; post-fitting  ; missing   ; Top                            ; post-synthesis    ; GND                                 ; The post-fitting netlist is not being used.  Set the partition's netlist type to source. ;
; secondlayer:u_secondLayer|sum[26]~SCLR_LUT             ; post-fitting  ; missing   ; Top                            ; post-synthesis    ; GND                                 ; The post-fitting netlist is not being used.  Set the partition's netlist type to source. ;
; secondlayer:u_secondLayer|sum[26]~SCLR_LUT             ; post-fitting  ; missing   ; Top                            ; post-synthesis    ; GND                                 ; The post-fitting netlist is not being used.  Set the partition's netlist type to source. ;
; secondlayer:u_secondLayer|sum[26]~_Duplicate_1         ; post-fitting  ; missing   ; Top                            ; post-synthesis    ; GND                                 ; The post-fitting netlist is not being used.  Set the partition's netlist type to source. ;
; secondlayer:u_secondLayer|sum[26]~_Duplicate_1         ; post-fitting  ; missing   ; Top                            ; post-synthesis    ; GND                                 ; The post-fitting netlist is not being used.  Set the partition's netlist type to source. ;
; secondlayer:u_secondLayer|sum[2]~SCLR_LUT              ; post-fitting  ; missing   ; Top                            ; post-synthesis    ; GND                                 ; The post-fitting netlist is not being used.  Set the partition's netlist type to source. ;
; secondlayer:u_secondLayer|sum[2]~SCLR_LUT              ; post-fitting  ; missing   ; Top                            ; post-synthesis    ; GND                                 ; The post-fitting netlist is not being used.  Set the partition's netlist type to source. ;
; secondlayer:u_secondLayer|sum[2]~_Duplicate_1          ; post-fitting  ; missing   ; Top                            ; post-synthesis    ; GND                                 ; The post-fitting netlist is not being used.  Set the partition's netlist type to source. ;
; secondlayer:u_secondLayer|sum[2]~_Duplicate_1          ; post-fitting  ; missing   ; Top                            ; post-synthesis    ; GND                                 ; The post-fitting netlist is not being used.  Set the partition's netlist type to source. ;
; secondlayer:u_secondLayer|sum[3]~SCLR_LUT              ; post-fitting  ; missing   ; Top                            ; post-synthesis    ; GND                                 ; The post-fitting netlist is not being used.  Set the partition's netlist type to source. ;
; secondlayer:u_secondLayer|sum[3]~SCLR_LUT              ; post-fitting  ; missing   ; Top                            ; post-synthesis    ; GND                                 ; The post-fitting netlist is not being used.  Set the partition's netlist type to source. ;
; secondlayer:u_secondLayer|sum[3]~_Duplicate_1          ; post-fitting  ; missing   ; Top                            ; post-synthesis    ; GND                                 ; The post-fitting netlist is not being used.  Set the partition's netlist type to source. ;
; secondlayer:u_secondLayer|sum[3]~_Duplicate_1          ; post-fitting  ; missing   ; Top                            ; post-synthesis    ; GND                                 ; The post-fitting netlist is not being used.  Set the partition's netlist type to source. ;
; secondlayer:u_secondLayer|sum[4]~SCLR_LUT              ; post-fitting  ; missing   ; Top                            ; post-synthesis    ; GND                                 ; The post-fitting netlist is not being used.  Set the partition's netlist type to source. ;
; secondlayer:u_secondLayer|sum[4]~SCLR_LUT              ; post-fitting  ; missing   ; Top                            ; post-synthesis    ; GND                                 ; The post-fitting netlist is not being used.  Set the partition's netlist type to source. ;
; secondlayer:u_secondLayer|sum[4]~_Duplicate_1          ; post-fitting  ; missing   ; Top                            ; post-synthesis    ; GND                                 ; The post-fitting netlist is not being used.  Set the partition's netlist type to source. ;
; secondlayer:u_secondLayer|sum[4]~_Duplicate_1          ; post-fitting  ; missing   ; Top                            ; post-synthesis    ; GND                                 ; The post-fitting netlist is not being used.  Set the partition's netlist type to source. ;
; secondlayer:u_secondLayer|sum[5]~SCLR_LUT              ; post-fitting  ; missing   ; Top                            ; post-synthesis    ; GND                                 ; The post-fitting netlist is not being used.  Set the partition's netlist type to source. ;
; secondlayer:u_secondLayer|sum[5]~SCLR_LUT              ; post-fitting  ; missing   ; Top                            ; post-synthesis    ; GND                                 ; The post-fitting netlist is not being used.  Set the partition's netlist type to source. ;
; secondlayer:u_secondLayer|sum[5]~_Duplicate_1          ; post-fitting  ; missing   ; Top                            ; post-synthesis    ; GND                                 ; The post-fitting netlist is not being used.  Set the partition's netlist type to source. ;
; secondlayer:u_secondLayer|sum[5]~_Duplicate_1          ; post-fitting  ; missing   ; Top                            ; post-synthesis    ; GND                                 ; The post-fitting netlist is not being used.  Set the partition's netlist type to source. ;
; secondlayer:u_secondLayer|sum[6]~SCLR_LUT              ; post-fitting  ; missing   ; Top                            ; post-synthesis    ; GND                                 ; The post-fitting netlist is not being used.  Set the partition's netlist type to source. ;
; secondlayer:u_secondLayer|sum[6]~SCLR_LUT              ; post-fitting  ; missing   ; Top                            ; post-synthesis    ; GND                                 ; The post-fitting netlist is not being used.  Set the partition's netlist type to source. ;
; secondlayer:u_secondLayer|sum[6]~_Duplicate_1          ; post-fitting  ; missing   ; Top                            ; post-synthesis    ; GND                                 ; The post-fitting netlist is not being used.  Set the partition's netlist type to source. ;
; secondlayer:u_secondLayer|sum[6]~_Duplicate_1          ; post-fitting  ; missing   ; Top                            ; post-synthesis    ; GND                                 ; The post-fitting netlist is not being used.  Set the partition's netlist type to source. ;
; secondlayer:u_secondLayer|sum[7]~0                     ; post-fitting  ; missing   ; Top                            ; post-synthesis    ; GND                                 ; The post-fitting netlist is not being used.  Set the partition's netlist type to source. ;
; secondlayer:u_secondLayer|sum[7]~0                     ; post-fitting  ; missing   ; Top                            ; post-synthesis    ; GND                                 ; The post-fitting netlist is not being used.  Set the partition's netlist type to source. ;
; secondlayer:u_secondLayer|sum[7]~SCLR_LUT              ; post-fitting  ; missing   ; Top                            ; post-synthesis    ; GND                                 ; The post-fitting netlist is not being used.  Set the partition's netlist type to source. ;
; secondlayer:u_secondLayer|sum[7]~SCLR_LUT              ; post-fitting  ; missing   ; Top                            ; post-synthesis    ; GND                                 ; The post-fitting netlist is not being used.  Set the partition's netlist type to source. ;
; secondlayer:u_secondLayer|sum[7]~_Duplicate_1          ; post-fitting  ; missing   ; Top                            ; post-synthesis    ; GND                                 ; The post-fitting netlist is not being used.  Set the partition's netlist type to source. ;
; secondlayer:u_secondLayer|sum[7]~_Duplicate_1          ; post-fitting  ; missing   ; Top                            ; post-synthesis    ; GND                                 ; The post-fitting netlist is not being used.  Set the partition's netlist type to source. ;
; secondlayer:u_secondLayer|sum[8]~SCLR_LUT              ; post-fitting  ; missing   ; Top                            ; post-synthesis    ; GND                                 ; The post-fitting netlist is not being used.  Set the partition's netlist type to source. ;
; secondlayer:u_secondLayer|sum[8]~SCLR_LUT              ; post-fitting  ; missing   ; Top                            ; post-synthesis    ; GND                                 ; The post-fitting netlist is not being used.  Set the partition's netlist type to source. ;
; secondlayer:u_secondLayer|sum[8]~_Duplicate_1          ; post-fitting  ; missing   ; Top                            ; post-synthesis    ; GND                                 ; The post-fitting netlist is not being used.  Set the partition's netlist type to source. ;
; secondlayer:u_secondLayer|sum[8]~_Duplicate_1          ; post-fitting  ; missing   ; Top                            ; post-synthesis    ; GND                                 ; The post-fitting netlist is not being used.  Set the partition's netlist type to source. ;
; secondlayer:u_secondLayer|sum[9]~SCLR_LUT              ; post-fitting  ; missing   ; Top                            ; post-synthesis    ; GND                                 ; The post-fitting netlist is not being used.  Set the partition's netlist type to source. ;
; secondlayer:u_secondLayer|sum[9]~SCLR_LUT              ; post-fitting  ; missing   ; Top                            ; post-synthesis    ; GND                                 ; The post-fitting netlist is not being used.  Set the partition's netlist type to source. ;
; secondlayer:u_secondLayer|sum[9]~_Duplicate_1          ; post-fitting  ; missing   ; Top                            ; post-synthesis    ; GND                                 ; The post-fitting netlist is not being used.  Set the partition's netlist type to source. ;
; secondlayer:u_secondLayer|sum[9]~_Duplicate_1          ; post-fitting  ; missing   ; Top                            ; post-synthesis    ; GND                                 ; The post-fitting netlist is not being used.  Set the partition's netlist type to source. ;
; secondlayer:u_secondLayer|weights2~0                   ; post-fitting  ; missing   ; Top                            ; post-synthesis    ; GND                                 ; The post-fitting netlist is not being used.  Set the partition's netlist type to source. ;
; secondlayer:u_secondLayer|weights2~0                   ; post-fitting  ; missing   ; Top                            ; post-synthesis    ; GND                                 ; The post-fitting netlist is not being used.  Set the partition's netlist type to source. ;
; secondlayer:u_secondLayer|weights2~1                   ; post-fitting  ; missing   ; Top                            ; post-synthesis    ; GND                                 ; The post-fitting netlist is not being used.  Set the partition's netlist type to source. ;
; secondlayer:u_secondLayer|weights2~1                   ; post-fitting  ; missing   ; Top                            ; post-synthesis    ; GND                                 ; The post-fitting netlist is not being used.  Set the partition's netlist type to source. ;
; secondlayer:u_secondLayer|weights2~10                  ; post-fitting  ; missing   ; Top                            ; post-synthesis    ; GND                                 ; The post-fitting netlist is not being used.  Set the partition's netlist type to source. ;
; secondlayer:u_secondLayer|weights2~10                  ; post-fitting  ; missing   ; Top                            ; post-synthesis    ; GND                                 ; The post-fitting netlist is not being used.  Set the partition's netlist type to source. ;
; secondlayer:u_secondLayer|weights2~11                  ; post-fitting  ; missing   ; Top                            ; post-synthesis    ; GND                                 ; The post-fitting netlist is not being used.  Set the partition's netlist type to source. ;
; secondlayer:u_secondLayer|weights2~11                  ; post-fitting  ; missing   ; Top                            ; post-synthesis    ; GND                                 ; The post-fitting netlist is not being used.  Set the partition's netlist type to source. ;
; secondlayer:u_secondLayer|weights2~12                  ; post-fitting  ; missing   ; Top                            ; post-synthesis    ; GND                                 ; The post-fitting netlist is not being used.  Set the partition's netlist type to source. ;
; secondlayer:u_secondLayer|weights2~12                  ; post-fitting  ; missing   ; Top                            ; post-synthesis    ; GND                                 ; The post-fitting netlist is not being used.  Set the partition's netlist type to source. ;
; secondlayer:u_secondLayer|weights2~13                  ; post-fitting  ; missing   ; Top                            ; post-synthesis    ; GND                                 ; The post-fitting netlist is not being used.  Set the partition's netlist type to source. ;
; secondlayer:u_secondLayer|weights2~13                  ; post-fitting  ; missing   ; Top                            ; post-synthesis    ; GND                                 ; The post-fitting netlist is not being used.  Set the partition's netlist type to source. ;
; secondlayer:u_secondLayer|weights2~14                  ; post-fitting  ; missing   ; Top                            ; post-synthesis    ; GND                                 ; The post-fitting netlist is not being used.  Set the partition's netlist type to source. ;
; secondlayer:u_secondLayer|weights2~14                  ; post-fitting  ; missing   ; Top                            ; post-synthesis    ; GND                                 ; The post-fitting netlist is not being used.  Set the partition's netlist type to source. ;
; secondlayer:u_secondLayer|weights2~15                  ; post-fitting  ; missing   ; Top                            ; post-synthesis    ; GND                                 ; The post-fitting netlist is not being used.  Set the partition's netlist type to source. ;
; secondlayer:u_secondLayer|weights2~15                  ; post-fitting  ; missing   ; Top                            ; post-synthesis    ; GND                                 ; The post-fitting netlist is not being used.  Set the partition's netlist type to source. ;
; secondlayer:u_secondLayer|weights2~16                  ; post-fitting  ; missing   ; Top                            ; post-synthesis    ; GND                                 ; The post-fitting netlist is not being used.  Set the partition's netlist type to source. ;
; secondlayer:u_secondLayer|weights2~16                  ; post-fitting  ; missing   ; Top                            ; post-synthesis    ; GND                                 ; The post-fitting netlist is not being used.  Set the partition's netlist type to source. ;
; secondlayer:u_secondLayer|weights2~17                  ; post-fitting  ; missing   ; Top                            ; post-synthesis    ; GND                                 ; The post-fitting netlist is not being used.  Set the partition's netlist type to source. ;
; secondlayer:u_secondLayer|weights2~17                  ; post-fitting  ; missing   ; Top                            ; post-synthesis    ; GND                                 ; The post-fitting netlist is not being used.  Set the partition's netlist type to source. ;
; secondlayer:u_secondLayer|weights2~18                  ; post-fitting  ; missing   ; Top                            ; post-synthesis    ; GND                                 ; The post-fitting netlist is not being used.  Set the partition's netlist type to source. ;
; secondlayer:u_secondLayer|weights2~18                  ; post-fitting  ; missing   ; Top                            ; post-synthesis    ; GND                                 ; The post-fitting netlist is not being used.  Set the partition's netlist type to source. ;
; secondlayer:u_secondLayer|weights2~19                  ; post-fitting  ; missing   ; Top                            ; post-synthesis    ; GND                                 ; The post-fitting netlist is not being used.  Set the partition's netlist type to source. ;
; secondlayer:u_secondLayer|weights2~19                  ; post-fitting  ; missing   ; Top                            ; post-synthesis    ; GND                                 ; The post-fitting netlist is not being used.  Set the partition's netlist type to source. ;
; secondlayer:u_secondLayer|weights2~2                   ; post-fitting  ; missing   ; Top                            ; post-synthesis    ; GND                                 ; The post-fitting netlist is not being used.  Set the partition's netlist type to source. ;
; secondlayer:u_secondLayer|weights2~2                   ; post-fitting  ; missing   ; Top                            ; post-synthesis    ; GND                                 ; The post-fitting netlist is not being used.  Set the partition's netlist type to source. ;
; secondlayer:u_secondLayer|weights2~20                  ; post-fitting  ; missing   ; Top                            ; post-synthesis    ; GND                                 ; The post-fitting netlist is not being used.  Set the partition's netlist type to source. ;
; secondlayer:u_secondLayer|weights2~20                  ; post-fitting  ; missing   ; Top                            ; post-synthesis    ; GND                                 ; The post-fitting netlist is not being used.  Set the partition's netlist type to source. ;
; secondlayer:u_secondLayer|weights2~21                  ; post-fitting  ; missing   ; Top                            ; post-synthesis    ; GND                                 ; The post-fitting netlist is not being used.  Set the partition's netlist type to source. ;
; secondlayer:u_secondLayer|weights2~21                  ; post-fitting  ; missing   ; Top                            ; post-synthesis    ; GND                                 ; The post-fitting netlist is not being used.  Set the partition's netlist type to source. ;
; secondlayer:u_secondLayer|weights2~22                  ; post-fitting  ; missing   ; Top                            ; post-synthesis    ; GND                                 ; The post-fitting netlist is not being used.  Set the partition's netlist type to source. ;
; secondlayer:u_secondLayer|weights2~22                  ; post-fitting  ; missing   ; Top                            ; post-synthesis    ; GND                                 ; The post-fitting netlist is not being used.  Set the partition's netlist type to source. ;
; secondlayer:u_secondLayer|weights2~23                  ; post-fitting  ; missing   ; Top                            ; post-synthesis    ; GND                                 ; The post-fitting netlist is not being used.  Set the partition's netlist type to source. ;
; secondlayer:u_secondLayer|weights2~23                  ; post-fitting  ; missing   ; Top                            ; post-synthesis    ; GND                                 ; The post-fitting netlist is not being used.  Set the partition's netlist type to source. ;
; secondlayer:u_secondLayer|weights2~24                  ; post-fitting  ; missing   ; Top                            ; post-synthesis    ; GND                                 ; The post-fitting netlist is not being used.  Set the partition's netlist type to source. ;
; secondlayer:u_secondLayer|weights2~24                  ; post-fitting  ; missing   ; Top                            ; post-synthesis    ; GND                                 ; The post-fitting netlist is not being used.  Set the partition's netlist type to source. ;
; secondlayer:u_secondLayer|weights2~25                  ; post-fitting  ; missing   ; Top                            ; post-synthesis    ; GND                                 ; The post-fitting netlist is not being used.  Set the partition's netlist type to source. ;
; secondlayer:u_secondLayer|weights2~25                  ; post-fitting  ; missing   ; Top                            ; post-synthesis    ; GND                                 ; The post-fitting netlist is not being used.  Set the partition's netlist type to source. ;
; secondlayer:u_secondLayer|weights2~26                  ; post-fitting  ; missing   ; Top                            ; post-synthesis    ; GND                                 ; The post-fitting netlist is not being used.  Set the partition's netlist type to source. ;
; secondlayer:u_secondLayer|weights2~26                  ; post-fitting  ; missing   ; Top                            ; post-synthesis    ; GND                                 ; The post-fitting netlist is not being used.  Set the partition's netlist type to source. ;
; secondlayer:u_secondLayer|weights2~27                  ; post-fitting  ; missing   ; Top                            ; post-synthesis    ; GND                                 ; The post-fitting netlist is not being used.  Set the partition's netlist type to source. ;
; secondlayer:u_secondLayer|weights2~27                  ; post-fitting  ; missing   ; Top                            ; post-synthesis    ; GND                                 ; The post-fitting netlist is not being used.  Set the partition's netlist type to source. ;
; secondlayer:u_secondLayer|weights2~28                  ; post-fitting  ; missing   ; Top                            ; post-synthesis    ; GND                                 ; The post-fitting netlist is not being used.  Set the partition's netlist type to source. ;
; secondlayer:u_secondLayer|weights2~28                  ; post-fitting  ; missing   ; Top                            ; post-synthesis    ; GND                                 ; The post-fitting netlist is not being used.  Set the partition's netlist type to source. ;
; secondlayer:u_secondLayer|weights2~29                  ; post-fitting  ; missing   ; Top                            ; post-synthesis    ; GND                                 ; The post-fitting netlist is not being used.  Set the partition's netlist type to source. ;
; secondlayer:u_secondLayer|weights2~29                  ; post-fitting  ; missing   ; Top                            ; post-synthesis    ; GND                                 ; The post-fitting netlist is not being used.  Set the partition's netlist type to source. ;
; secondlayer:u_secondLayer|weights2~3                   ; post-fitting  ; missing   ; Top                            ; post-synthesis    ; GND                                 ; The post-fitting netlist is not being used.  Set the partition's netlist type to source. ;
; secondlayer:u_secondLayer|weights2~3                   ; post-fitting  ; missing   ; Top                            ; post-synthesis    ; GND                                 ; The post-fitting netlist is not being used.  Set the partition's netlist type to source. ;
; secondlayer:u_secondLayer|weights2~30                  ; post-fitting  ; missing   ; Top                            ; post-synthesis    ; GND                                 ; The post-fitting netlist is not being used.  Set the partition's netlist type to source. ;
; secondlayer:u_secondLayer|weights2~30                  ; post-fitting  ; missing   ; Top                            ; post-synthesis    ; GND                                 ; The post-fitting netlist is not being used.  Set the partition's netlist type to source. ;
; secondlayer:u_secondLayer|weights2~31                  ; post-fitting  ; missing   ; Top                            ; post-synthesis    ; GND                                 ; The post-fitting netlist is not being used.  Set the partition's netlist type to source. ;
; secondlayer:u_secondLayer|weights2~31                  ; post-fitting  ; missing   ; Top                            ; post-synthesis    ; GND                                 ; The post-fitting netlist is not being used.  Set the partition's netlist type to source. ;
; secondlayer:u_secondLayer|weights2~32                  ; post-fitting  ; missing   ; Top                            ; post-synthesis    ; GND                                 ; The post-fitting netlist is not being used.  Set the partition's netlist type to source. ;
; secondlayer:u_secondLayer|weights2~32                  ; post-fitting  ; missing   ; Top                            ; post-synthesis    ; GND                                 ; The post-fitting netlist is not being used.  Set the partition's netlist type to source. ;
; secondlayer:u_secondLayer|weights2~33                  ; post-fitting  ; missing   ; Top                            ; post-synthesis    ; GND                                 ; The post-fitting netlist is not being used.  Set the partition's netlist type to source. ;
; secondlayer:u_secondLayer|weights2~33                  ; post-fitting  ; missing   ; Top                            ; post-synthesis    ; GND                                 ; The post-fitting netlist is not being used.  Set the partition's netlist type to source. ;
; secondlayer:u_secondLayer|weights2~34                  ; post-fitting  ; missing   ; Top                            ; post-synthesis    ; GND                                 ; The post-fitting netlist is not being used.  Set the partition's netlist type to source. ;
; secondlayer:u_secondLayer|weights2~34                  ; post-fitting  ; missing   ; Top                            ; post-synthesis    ; GND                                 ; The post-fitting netlist is not being used.  Set the partition's netlist type to source. ;
; secondlayer:u_secondLayer|weights2~35                  ; post-fitting  ; missing   ; Top                            ; post-synthesis    ; GND                                 ; The post-fitting netlist is not being used.  Set the partition's netlist type to source. ;
; secondlayer:u_secondLayer|weights2~35                  ; post-fitting  ; missing   ; Top                            ; post-synthesis    ; GND                                 ; The post-fitting netlist is not being used.  Set the partition's netlist type to source. ;
; secondlayer:u_secondLayer|weights2~36                  ; post-fitting  ; missing   ; Top                            ; post-synthesis    ; GND                                 ; The post-fitting netlist is not being used.  Set the partition's netlist type to source. ;
; secondlayer:u_secondLayer|weights2~36                  ; post-fitting  ; missing   ; Top                            ; post-synthesis    ; GND                                 ; The post-fitting netlist is not being used.  Set the partition's netlist type to source. ;
; secondlayer:u_secondLayer|weights2~37                  ; post-fitting  ; missing   ; Top                            ; post-synthesis    ; GND                                 ; The post-fitting netlist is not being used.  Set the partition's netlist type to source. ;
; secondlayer:u_secondLayer|weights2~37                  ; post-fitting  ; missing   ; Top                            ; post-synthesis    ; GND                                 ; The post-fitting netlist is not being used.  Set the partition's netlist type to source. ;
; secondlayer:u_secondLayer|weights2~38                  ; post-fitting  ; missing   ; Top                            ; post-synthesis    ; GND                                 ; The post-fitting netlist is not being used.  Set the partition's netlist type to source. ;
; secondlayer:u_secondLayer|weights2~38                  ; post-fitting  ; missing   ; Top                            ; post-synthesis    ; GND                                 ; The post-fitting netlist is not being used.  Set the partition's netlist type to source. ;
; secondlayer:u_secondLayer|weights2~39                  ; post-fitting  ; missing   ; Top                            ; post-synthesis    ; GND                                 ; The post-fitting netlist is not being used.  Set the partition's netlist type to source. ;
; secondlayer:u_secondLayer|weights2~39                  ; post-fitting  ; missing   ; Top                            ; post-synthesis    ; GND                                 ; The post-fitting netlist is not being used.  Set the partition's netlist type to source. ;
; secondlayer:u_secondLayer|weights2~4                   ; post-fitting  ; missing   ; Top                            ; post-synthesis    ; GND                                 ; The post-fitting netlist is not being used.  Set the partition's netlist type to source. ;
; secondlayer:u_secondLayer|weights2~4                   ; post-fitting  ; missing   ; Top                            ; post-synthesis    ; GND                                 ; The post-fitting netlist is not being used.  Set the partition's netlist type to source. ;
; secondlayer:u_secondLayer|weights2~40                  ; post-fitting  ; missing   ; Top                            ; post-synthesis    ; GND                                 ; The post-fitting netlist is not being used.  Set the partition's netlist type to source. ;
; secondlayer:u_secondLayer|weights2~40                  ; post-fitting  ; missing   ; Top                            ; post-synthesis    ; GND                                 ; The post-fitting netlist is not being used.  Set the partition's netlist type to source. ;
; secondlayer:u_secondLayer|weights2~41                  ; post-fitting  ; missing   ; Top                            ; post-synthesis    ; GND                                 ; The post-fitting netlist is not being used.  Set the partition's netlist type to source. ;
; secondlayer:u_secondLayer|weights2~41                  ; post-fitting  ; missing   ; Top                            ; post-synthesis    ; GND                                 ; The post-fitting netlist is not being used.  Set the partition's netlist type to source. ;
; secondlayer:u_secondLayer|weights2~42                  ; post-fitting  ; missing   ; Top                            ; post-synthesis    ; GND                                 ; The post-fitting netlist is not being used.  Set the partition's netlist type to source. ;
; secondlayer:u_secondLayer|weights2~42                  ; post-fitting  ; missing   ; Top                            ; post-synthesis    ; GND                                 ; The post-fitting netlist is not being used.  Set the partition's netlist type to source. ;
; secondlayer:u_secondLayer|weights2~43                  ; post-fitting  ; missing   ; Top                            ; post-synthesis    ; GND                                 ; The post-fitting netlist is not being used.  Set the partition's netlist type to source. ;
; secondlayer:u_secondLayer|weights2~43                  ; post-fitting  ; missing   ; Top                            ; post-synthesis    ; GND                                 ; The post-fitting netlist is not being used.  Set the partition's netlist type to source. ;
; secondlayer:u_secondLayer|weights2~44                  ; post-fitting  ; missing   ; Top                            ; post-synthesis    ; GND                                 ; The post-fitting netlist is not being used.  Set the partition's netlist type to source. ;
; secondlayer:u_secondLayer|weights2~44                  ; post-fitting  ; missing   ; Top                            ; post-synthesis    ; GND                                 ; The post-fitting netlist is not being used.  Set the partition's netlist type to source. ;
; secondlayer:u_secondLayer|weights2~45                  ; post-fitting  ; missing   ; Top                            ; post-synthesis    ; GND                                 ; The post-fitting netlist is not being used.  Set the partition's netlist type to source. ;
; secondlayer:u_secondLayer|weights2~45                  ; post-fitting  ; missing   ; Top                            ; post-synthesis    ; GND                                 ; The post-fitting netlist is not being used.  Set the partition's netlist type to source. ;
; secondlayer:u_secondLayer|weights2~46                  ; post-fitting  ; missing   ; Top                            ; post-synthesis    ; GND                                 ; The post-fitting netlist is not being used.  Set the partition's netlist type to source. ;
; secondlayer:u_secondLayer|weights2~46                  ; post-fitting  ; missing   ; Top                            ; post-synthesis    ; GND                                 ; The post-fitting netlist is not being used.  Set the partition's netlist type to source. ;
; secondlayer:u_secondLayer|weights2~47                  ; post-fitting  ; missing   ; Top                            ; post-synthesis    ; GND                                 ; The post-fitting netlist is not being used.  Set the partition's netlist type to source. ;
; secondlayer:u_secondLayer|weights2~47                  ; post-fitting  ; missing   ; Top                            ; post-synthesis    ; GND                                 ; The post-fitting netlist is not being used.  Set the partition's netlist type to source. ;
; secondlayer:u_secondLayer|weights2~48                  ; post-fitting  ; missing   ; Top                            ; post-synthesis    ; GND                                 ; The post-fitting netlist is not being used.  Set the partition's netlist type to source. ;
; secondlayer:u_secondLayer|weights2~48                  ; post-fitting  ; missing   ; Top                            ; post-synthesis    ; GND                                 ; The post-fitting netlist is not being used.  Set the partition's netlist type to source. ;
; secondlayer:u_secondLayer|weights2~49                  ; post-fitting  ; missing   ; Top                            ; post-synthesis    ; GND                                 ; The post-fitting netlist is not being used.  Set the partition's netlist type to source. ;
; secondlayer:u_secondLayer|weights2~49                  ; post-fitting  ; missing   ; Top                            ; post-synthesis    ; GND                                 ; The post-fitting netlist is not being used.  Set the partition's netlist type to source. ;
; secondlayer:u_secondLayer|weights2~5                   ; post-fitting  ; missing   ; Top                            ; post-synthesis    ; GND                                 ; The post-fitting netlist is not being used.  Set the partition's netlist type to source. ;
; secondlayer:u_secondLayer|weights2~5                   ; post-fitting  ; missing   ; Top                            ; post-synthesis    ; GND                                 ; The post-fitting netlist is not being used.  Set the partition's netlist type to source. ;
; secondlayer:u_secondLayer|weights2~50                  ; post-fitting  ; missing   ; Top                            ; post-synthesis    ; GND                                 ; The post-fitting netlist is not being used.  Set the partition's netlist type to source. ;
; secondlayer:u_secondLayer|weights2~50                  ; post-fitting  ; missing   ; Top                            ; post-synthesis    ; GND                                 ; The post-fitting netlist is not being used.  Set the partition's netlist type to source. ;
; secondlayer:u_secondLayer|weights2~51                  ; post-fitting  ; missing   ; Top                            ; post-synthesis    ; GND                                 ; The post-fitting netlist is not being used.  Set the partition's netlist type to source. ;
; secondlayer:u_secondLayer|weights2~51                  ; post-fitting  ; missing   ; Top                            ; post-synthesis    ; GND                                 ; The post-fitting netlist is not being used.  Set the partition's netlist type to source. ;
; secondlayer:u_secondLayer|weights2~52                  ; post-fitting  ; missing   ; Top                            ; post-synthesis    ; GND                                 ; The post-fitting netlist is not being used.  Set the partition's netlist type to source. ;
; secondlayer:u_secondLayer|weights2~52                  ; post-fitting  ; missing   ; Top                            ; post-synthesis    ; GND                                 ; The post-fitting netlist is not being used.  Set the partition's netlist type to source. ;
; secondlayer:u_secondLayer|weights2~53                  ; post-fitting  ; missing   ; Top                            ; post-synthesis    ; GND                                 ; The post-fitting netlist is not being used.  Set the partition's netlist type to source. ;
; secondlayer:u_secondLayer|weights2~53                  ; post-fitting  ; missing   ; Top                            ; post-synthesis    ; GND                                 ; The post-fitting netlist is not being used.  Set the partition's netlist type to source. ;
; secondlayer:u_secondLayer|weights2~54                  ; post-fitting  ; missing   ; Top                            ; post-synthesis    ; GND                                 ; The post-fitting netlist is not being used.  Set the partition's netlist type to source. ;
; secondlayer:u_secondLayer|weights2~54                  ; post-fitting  ; missing   ; Top                            ; post-synthesis    ; GND                                 ; The post-fitting netlist is not being used.  Set the partition's netlist type to source. ;
; secondlayer:u_secondLayer|weights2~6                   ; post-fitting  ; missing   ; Top                            ; post-synthesis    ; GND                                 ; The post-fitting netlist is not being used.  Set the partition's netlist type to source. ;
; secondlayer:u_secondLayer|weights2~6                   ; post-fitting  ; missing   ; Top                            ; post-synthesis    ; GND                                 ; The post-fitting netlist is not being used.  Set the partition's netlist type to source. ;
; secondlayer:u_secondLayer|weights2~7                   ; post-fitting  ; missing   ; Top                            ; post-synthesis    ; GND                                 ; The post-fitting netlist is not being used.  Set the partition's netlist type to source. ;
; secondlayer:u_secondLayer|weights2~7                   ; post-fitting  ; missing   ; Top                            ; post-synthesis    ; GND                                 ; The post-fitting netlist is not being used.  Set the partition's netlist type to source. ;
; secondlayer:u_secondLayer|weights2~8                   ; post-fitting  ; missing   ; Top                            ; post-synthesis    ; GND                                 ; The post-fitting netlist is not being used.  Set the partition's netlist type to source. ;
; secondlayer:u_secondLayer|weights2~8                   ; post-fitting  ; missing   ; Top                            ; post-synthesis    ; GND                                 ; The post-fitting netlist is not being used.  Set the partition's netlist type to source. ;
; secondlayer:u_secondLayer|weights2~9                   ; post-fitting  ; missing   ; Top                            ; post-synthesis    ; GND                                 ; The post-fitting netlist is not being used.  Set the partition's netlist type to source. ;
; secondlayer:u_secondLayer|weights2~9                   ; post-fitting  ; missing   ; Top                            ; post-synthesis    ; GND                                 ; The post-fitting netlist is not being used.  Set the partition's netlist type to source. ;
+--------------------------------------------------------+---------------+-----------+--------------------------------+-------------------+-------------------------------------+------------------------------------------------------------------------------------------+


+------------------------------------------------------------------------------------------------------------------------------------------+
; Partition Merge Partition Statistics                                                                                                     ;
+---------------------------------------------+-------+------------------+--------------------------------+--------------------------------+
; Statistic                                   ; Top   ; sld_hub:auto_hub ; sld_signaltap:auto_signaltap_0 ; hard_block:auto_generated_inst ;
+---------------------------------------------+-------+------------------+--------------------------------+--------------------------------+
; Estimate of Logic utilization (ALMs needed) ; 1988  ; 63               ; 3930                           ; 0                              ;
;                                             ;       ;                  ;                                ;                                ;
; Combinational ALUT usage for logic          ; 3907  ; 90               ; 208                            ; 0                              ;
;     -- 7 input functions                    ; 801   ; 1                ; 0                              ; 0                              ;
;     -- 6 input functions                    ; 2967  ; 13               ; 40                             ; 0                              ;
;     -- 5 input functions                    ; 53    ; 24               ; 28                             ; 0                              ;
;     -- 4 input functions                    ; 25    ; 15               ; 28                             ; 0                              ;
;     -- <=3 input functions                  ; 61    ; 37               ; 112                            ; 0                              ;
; Memory ALUT usage                           ; 0     ; 0                ; 0                              ; 0                              ;
;     -- 64-address deep                      ; 0     ; 0                ; 0                              ; 0                              ;
;     -- 32-address deep                      ; 0     ; 0                ; 0                              ; 0                              ;
;                                             ;       ;                  ;                                ;                                ;
; Dedicated logic registers                   ; 116   ; 90               ; 7839                           ; 0                              ;
;                                             ;       ;                  ;                                ;                                ;
;                                             ;       ;                  ;                                ;                                ;
; I/O pins                                    ; 12    ; 0                ; 0                              ; 0                              ;
; I/O registers                               ; 0     ; 0                ; 0                              ; 0                              ;
; Total block memory bits                     ; 0     ; 0                ; 97024                          ; 0                              ;
; Total block memory implementation bits      ; 0     ; 0                ; 0                              ; 0                              ;
; JTAG                                        ; 0     ; 0                ; 0                              ; 1                              ;
; DSP block                                   ; 3     ; 0                ; 0                              ; 0                              ;
;                                             ;       ;                  ;                                ;                                ;
; Connections                                 ;       ;                  ;                                ;                                ;
;     -- Input Connections                    ; 0     ; 133              ; 11817                          ; 1                              ;
;     -- Registered Input Connections         ; 0     ; 109              ; 7858                           ; 0                              ;
;     -- Output Connections                   ; 6924  ; 919              ; 34                             ; 4074                           ;
;     -- Registered Output Connections        ; 0     ; 919              ; 0                              ; 0                              ;
;                                             ;       ;                  ;                                ;                                ;
; Internal Connections                        ;       ;                  ;                                ;                                ;
;     -- Total Connections                    ; 31336 ; 1561             ; 38935                          ; 4083                           ;
;     -- Registered Connections               ; 1012  ; 1385             ; 30467                          ; 0                              ;
;                                             ;       ;                  ;                                ;                                ;
; External Connections                        ;       ;                  ;                                ;                                ;
;     -- Top                                  ; 0     ; 0                ; 6924                           ; 0                              ;
;     -- sld_hub:auto_hub                     ; 0     ; 20               ; 910                            ; 122                            ;
;     -- sld_signaltap:auto_signaltap_0       ; 6924  ; 910              ; 64                             ; 3953                           ;
;     -- hard_block:auto_generated_inst       ; 0     ; 122              ; 3953                           ; 0                              ;
;                                             ;       ;                  ;                                ;                                ;
; Partition Interface                         ;       ;                  ;                                ;                                ;
;     -- Input Ports                          ; 5     ; 45               ; 2343                           ; 4                              ;
;     -- Output Ports                         ; 299   ; 62               ; 1531                           ; 9                              ;
;     -- Bidir Ports                          ; 0     ; 0                ; 0                              ; 0                              ;
;                                             ;       ;                  ;                                ;                                ;
; Registered Ports                            ;       ;                  ;                                ;                                ;
;     -- Registered Input Ports               ; 0     ; 13               ; 763                            ; 0                              ;
;     -- Registered Output Ports              ; 0     ; 29               ; 1517                           ; 0                              ;
;                                             ;       ;                  ;                                ;                                ;
; Port Connectivity                           ;       ;                  ;                                ;                                ;
;     -- Input Ports driven by GND            ; 0     ; 0                ; 1528                           ; 0                              ;
;     -- Output Ports driven by GND           ; 0     ; 28               ; 2                              ; 0                              ;
;     -- Input Ports driven by VCC            ; 0     ; 0                ; 20                             ; 0                              ;
;     -- Output Ports driven by VCC           ; 0     ; 0                ; 1                              ; 0                              ;
;     -- Input Ports with no Source           ; 0     ; 25               ; 762                            ; 0                              ;
;     -- Output Ports with no Source          ; 0     ; 0                ; 0                              ; 0                              ;
;     -- Input Ports with no Fanout           ; 0     ; 30               ; 776                            ; 0                              ;
;     -- Output Ports with no Fanout          ; 0     ; 29               ; 1519                           ; 0                              ;
+---------------------------------------------+-------+------------------+--------------------------------+--------------------------------+
Note: Resource usage numbers presented for Partitions containing post-synthesis logic are estimates.  For Partitions containing post-fit logic, resource usage numbers are accurate based on previous placement information.  Actual Fitter results may vary depending on current Fitter Preservation Level assignments.


+-------------------------------------------------------------------------------------------------+
; Partition Merge Partition Pin Processing                                                        ;
+--------------------------------------------+-----------+---------------+----------+-------------+
; Name                                       ; Partition ; Type          ; Location ; Status      ;
+--------------------------------------------+-----------+---------------+----------+-------------+
; CLOCK_50                                   ; Top       ; Input Port    ; n/a      ;             ;
;     -- CLOCK_50                            ; Top       ; Input Pad     ; Unplaced ; Synthesized ;
;     -- CLOCK_50~input                      ; Top       ; Input Buffer  ; Unplaced ; Synthesized ;
;                                            ;           ;               ;          ;             ;
; LEDR[0]                                    ; Top       ; Output Port   ; n/a      ;             ;
;     -- LEDR[0]                             ; Top       ; Output Pad    ; Unplaced ; Synthesized ;
;     -- LEDR[0]~output                      ; Top       ; Output Buffer ; Unplaced ; Synthesized ;
;                                            ;           ;               ;          ;             ;
; LEDR[1]                                    ; Top       ; Output Port   ; n/a      ;             ;
;     -- LEDR[1]                             ; Top       ; Output Pad    ; Unplaced ; Synthesized ;
;     -- LEDR[1]~output                      ; Top       ; Output Buffer ; Unplaced ; Synthesized ;
;                                            ;           ;               ;          ;             ;
; LEDR[2]                                    ; Top       ; Output Port   ; n/a      ;             ;
;     -- LEDR[2]                             ; Top       ; Output Pad    ; Unplaced ; Synthesized ;
;     -- LEDR[2]~output                      ; Top       ; Output Buffer ; Unplaced ; Synthesized ;
;                                            ;           ;               ;          ;             ;
; LEDR[3]                                    ; Top       ; Output Port   ; n/a      ;             ;
;     -- LEDR[3]                             ; Top       ; Output Pad    ; Unplaced ; Synthesized ;
;     -- LEDR[3]~output                      ; Top       ; Output Buffer ; Unplaced ; Synthesized ;
;                                            ;           ;               ;          ;             ;
; LEDR[4]                                    ; Top       ; Output Port   ; n/a      ;             ;
;     -- LEDR[4]                             ; Top       ; Output Pad    ; Unplaced ; Synthesized ;
;     -- LEDR[4]~output                      ; Top       ; Output Buffer ; Unplaced ; Synthesized ;
;                                            ;           ;               ;          ;             ;
; LEDR[5]                                    ; Top       ; Output Port   ; n/a      ;             ;
;     -- LEDR[5]                             ; Top       ; Output Pad    ; Unplaced ; Synthesized ;
;     -- LEDR[5]~output                      ; Top       ; Output Buffer ; Unplaced ; Synthesized ;
;                                            ;           ;               ;          ;             ;
; LEDR[6]                                    ; Top       ; Output Port   ; n/a      ;             ;
;     -- LEDR[6]                             ; Top       ; Output Pad    ; Unplaced ; Synthesized ;
;     -- LEDR[6]~output                      ; Top       ; Output Buffer ; Unplaced ; Synthesized ;
;                                            ;           ;               ;          ;             ;
; LEDR[7]                                    ; Top       ; Output Port   ; n/a      ;             ;
;     -- LEDR[7]                             ; Top       ; Output Pad    ; Unplaced ; Synthesized ;
;     -- LEDR[7]~output                      ; Top       ; Output Buffer ; Unplaced ; Synthesized ;
;                                            ;           ;               ;          ;             ;
; LEDR[8]                                    ; Top       ; Output Port   ; n/a      ;             ;
;     -- LEDR[8]                             ; Top       ; Output Pad    ; Unplaced ; Synthesized ;
;     -- LEDR[8]~output                      ; Top       ; Output Buffer ; Unplaced ; Synthesized ;
;                                            ;           ;               ;          ;             ;
; LEDR[9]                                    ; Top       ; Output Port   ; n/a      ;             ;
;     -- LEDR[9]                             ; Top       ; Output Pad    ; Unplaced ; Synthesized ;
;     -- LEDR[9]~output                      ; Top       ; Output Buffer ; Unplaced ; Synthesized ;
;                                            ;           ;               ;          ;             ;
; SW[0]                                      ; Top       ; Input Port    ; n/a      ;             ;
;     -- SW[0]                               ; Top       ; Input Pad     ; Unplaced ; Synthesized ;
;     -- SW[0]~input                         ; Top       ; Input Buffer  ; Unplaced ; Synthesized ;
;                                            ;           ;               ;          ;             ;
; altera_reserved_tck                        ; Top       ; Input Port    ; n/a      ;             ;
;     -- altera_reserved_tck                 ; Top       ; Input Pad     ; Unplaced ; Synthesized ;
;     -- altera_reserved_tck~input           ; Top       ; Input Buffer  ; Unplaced ; Synthesized ;
;                                            ;           ;               ;          ;             ;
; altera_reserved_tdi                        ; Top       ; Input Port    ; n/a      ;             ;
;     -- altera_reserved_tdi                 ; Top       ; Input Pad     ; Unplaced ; Synthesized ;
;     -- altera_reserved_tdi~input           ; Top       ; Input Buffer  ; Unplaced ; Synthesized ;
;                                            ;           ;               ;          ;             ;
; altera_reserved_tdo                        ; Top       ; Output Port   ; n/a      ;             ;
;     -- altera_reserved_tdo                 ; Top       ; Output Pad    ; Unplaced ; Synthesized ;
;     -- altera_reserved_tdo~output          ; Top       ; Output Buffer ; Unplaced ; Synthesized ;
;                                            ;           ;               ;          ;             ;
; altera_reserved_tms                        ; Top       ; Input Port    ; n/a      ;             ;
;     -- altera_reserved_tms                 ; Top       ; Input Pad     ; Unplaced ; Synthesized ;
;     -- altera_reserved_tms~input           ; Top       ; Input Buffer  ; Unplaced ; Synthesized ;
;                                            ;           ;               ;          ;             ;
; pre_syn.bp.u_secondLayer_layer_1_in_0__0_  ; Top       ; Output Port   ; n/a      ;             ;
;                                            ;           ;               ;          ;             ;
; pre_syn.bp.u_secondLayer_layer_1_in_0__1_  ; Top       ; Output Port   ; n/a      ;             ;
;                                            ;           ;               ;          ;             ;
; pre_syn.bp.u_secondLayer_layer_1_in_0__2_  ; Top       ; Output Port   ; n/a      ;             ;
;                                            ;           ;               ;          ;             ;
; pre_syn.bp.u_secondLayer_layer_1_in_0__3_  ; Top       ; Output Port   ; n/a      ;             ;
;                                            ;           ;               ;          ;             ;
; pre_syn.bp.u_secondLayer_layer_1_in_0__4_  ; Top       ; Output Port   ; n/a      ;             ;
;                                            ;           ;               ;          ;             ;
; pre_syn.bp.u_secondLayer_layer_1_in_0__5_  ; Top       ; Output Port   ; n/a      ;             ;
;                                            ;           ;               ;          ;             ;
; pre_syn.bp.u_secondLayer_layer_1_in_0__6_  ; Top       ; Output Port   ; n/a      ;             ;
;                                            ;           ;               ;          ;             ;
; pre_syn.bp.u_secondLayer_layer_1_in_0__7_  ; Top       ; Output Port   ; n/a      ;             ;
;                                            ;           ;               ;          ;             ;
; pre_syn.bp.u_secondLayer_layer_1_in_0__8_  ; Top       ; Output Port   ; n/a      ;             ;
;                                            ;           ;               ;          ;             ;
; pre_syn.bp.u_secondLayer_layer_1_in_10__0_ ; Top       ; Output Port   ; n/a      ;             ;
;                                            ;           ;               ;          ;             ;
; pre_syn.bp.u_secondLayer_layer_1_in_10__1_ ; Top       ; Output Port   ; n/a      ;             ;
;                                            ;           ;               ;          ;             ;
; pre_syn.bp.u_secondLayer_layer_1_in_10__2_ ; Top       ; Output Port   ; n/a      ;             ;
;                                            ;           ;               ;          ;             ;
; pre_syn.bp.u_secondLayer_layer_1_in_10__3_ ; Top       ; Output Port   ; n/a      ;             ;
;                                            ;           ;               ;          ;             ;
; pre_syn.bp.u_secondLayer_layer_1_in_10__4_ ; Top       ; Output Port   ; n/a      ;             ;
;                                            ;           ;               ;          ;             ;
; pre_syn.bp.u_secondLayer_layer_1_in_10__5_ ; Top       ; Output Port   ; n/a      ;             ;
;                                            ;           ;               ;          ;             ;
; pre_syn.bp.u_secondLayer_layer_1_in_10__6_ ; Top       ; Output Port   ; n/a      ;             ;
;                                            ;           ;               ;          ;             ;
; pre_syn.bp.u_secondLayer_layer_1_in_10__7_ ; Top       ; Output Port   ; n/a      ;             ;
;                                            ;           ;               ;          ;             ;
; pre_syn.bp.u_secondLayer_layer_1_in_10__8_ ; Top       ; Output Port   ; n/a      ;             ;
;                                            ;           ;               ;          ;             ;
; pre_syn.bp.u_secondLayer_layer_1_in_11__0_ ; Top       ; Output Port   ; n/a      ;             ;
;                                            ;           ;               ;          ;             ;
; pre_syn.bp.u_secondLayer_layer_1_in_11__1_ ; Top       ; Output Port   ; n/a      ;             ;
;                                            ;           ;               ;          ;             ;
; pre_syn.bp.u_secondLayer_layer_1_in_11__2_ ; Top       ; Output Port   ; n/a      ;             ;
;                                            ;           ;               ;          ;             ;
; pre_syn.bp.u_secondLayer_layer_1_in_11__3_ ; Top       ; Output Port   ; n/a      ;             ;
;                                            ;           ;               ;          ;             ;
; pre_syn.bp.u_secondLayer_layer_1_in_11__4_ ; Top       ; Output Port   ; n/a      ;             ;
;                                            ;           ;               ;          ;             ;
; pre_syn.bp.u_secondLayer_layer_1_in_11__5_ ; Top       ; Output Port   ; n/a      ;             ;
;                                            ;           ;               ;          ;             ;
; pre_syn.bp.u_secondLayer_layer_1_in_11__6_ ; Top       ; Output Port   ; n/a      ;             ;
;                                            ;           ;               ;          ;             ;
; pre_syn.bp.u_secondLayer_layer_1_in_11__7_ ; Top       ; Output Port   ; n/a      ;             ;
;                                            ;           ;               ;          ;             ;
; pre_syn.bp.u_secondLayer_layer_1_in_11__8_ ; Top       ; Output Port   ; n/a      ;             ;
;                                            ;           ;               ;          ;             ;
; pre_syn.bp.u_secondLayer_layer_1_in_12__0_ ; Top       ; Output Port   ; n/a      ;             ;
;                                            ;           ;               ;          ;             ;
; pre_syn.bp.u_secondLayer_layer_1_in_12__1_ ; Top       ; Output Port   ; n/a      ;             ;
;                                            ;           ;               ;          ;             ;
; pre_syn.bp.u_secondLayer_layer_1_in_12__2_ ; Top       ; Output Port   ; n/a      ;             ;
;                                            ;           ;               ;          ;             ;
; pre_syn.bp.u_secondLayer_layer_1_in_12__3_ ; Top       ; Output Port   ; n/a      ;             ;
;                                            ;           ;               ;          ;             ;
; pre_syn.bp.u_secondLayer_layer_1_in_12__4_ ; Top       ; Output Port   ; n/a      ;             ;
;                                            ;           ;               ;          ;             ;
; pre_syn.bp.u_secondLayer_layer_1_in_12__5_ ; Top       ; Output Port   ; n/a      ;             ;
;                                            ;           ;               ;          ;             ;
; pre_syn.bp.u_secondLayer_layer_1_in_12__6_ ; Top       ; Output Port   ; n/a      ;             ;
;                                            ;           ;               ;          ;             ;
; pre_syn.bp.u_secondLayer_layer_1_in_12__7_ ; Top       ; Output Port   ; n/a      ;             ;
;                                            ;           ;               ;          ;             ;
; pre_syn.bp.u_secondLayer_layer_1_in_12__8_ ; Top       ; Output Port   ; n/a      ;             ;
;                                            ;           ;               ;          ;             ;
; pre_syn.bp.u_secondLayer_layer_1_in_13__0_ ; Top       ; Output Port   ; n/a      ;             ;
;                                            ;           ;               ;          ;             ;
; pre_syn.bp.u_secondLayer_layer_1_in_13__1_ ; Top       ; Output Port   ; n/a      ;             ;
;                                            ;           ;               ;          ;             ;
; pre_syn.bp.u_secondLayer_layer_1_in_13__2_ ; Top       ; Output Port   ; n/a      ;             ;
;                                            ;           ;               ;          ;             ;
; pre_syn.bp.u_secondLayer_layer_1_in_13__3_ ; Top       ; Output Port   ; n/a      ;             ;
;                                            ;           ;               ;          ;             ;
; pre_syn.bp.u_secondLayer_layer_1_in_13__4_ ; Top       ; Output Port   ; n/a      ;             ;
;                                            ;           ;               ;          ;             ;
; pre_syn.bp.u_secondLayer_layer_1_in_13__5_ ; Top       ; Output Port   ; n/a      ;             ;
;                                            ;           ;               ;          ;             ;
; pre_syn.bp.u_secondLayer_layer_1_in_13__6_ ; Top       ; Output Port   ; n/a      ;             ;
;                                            ;           ;               ;          ;             ;
; pre_syn.bp.u_secondLayer_layer_1_in_13__7_ ; Top       ; Output Port   ; n/a      ;             ;
;                                            ;           ;               ;          ;             ;
; pre_syn.bp.u_secondLayer_layer_1_in_13__8_ ; Top       ; Output Port   ; n/a      ;             ;
;                                            ;           ;               ;          ;             ;
; pre_syn.bp.u_secondLayer_layer_1_in_14__0_ ; Top       ; Output Port   ; n/a      ;             ;
;                                            ;           ;               ;          ;             ;
; pre_syn.bp.u_secondLayer_layer_1_in_14__1_ ; Top       ; Output Port   ; n/a      ;             ;
;                                            ;           ;               ;          ;             ;
; pre_syn.bp.u_secondLayer_layer_1_in_14__2_ ; Top       ; Output Port   ; n/a      ;             ;
;                                            ;           ;               ;          ;             ;
; pre_syn.bp.u_secondLayer_layer_1_in_14__3_ ; Top       ; Output Port   ; n/a      ;             ;
;                                            ;           ;               ;          ;             ;
; pre_syn.bp.u_secondLayer_layer_1_in_14__4_ ; Top       ; Output Port   ; n/a      ;             ;
;                                            ;           ;               ;          ;             ;
; pre_syn.bp.u_secondLayer_layer_1_in_14__5_ ; Top       ; Output Port   ; n/a      ;             ;
;                                            ;           ;               ;          ;             ;
; pre_syn.bp.u_secondLayer_layer_1_in_14__6_ ; Top       ; Output Port   ; n/a      ;             ;
;                                            ;           ;               ;          ;             ;
; pre_syn.bp.u_secondLayer_layer_1_in_14__7_ ; Top       ; Output Port   ; n/a      ;             ;
;                                            ;           ;               ;          ;             ;
; pre_syn.bp.u_secondLayer_layer_1_in_14__8_ ; Top       ; Output Port   ; n/a      ;             ;
;                                            ;           ;               ;          ;             ;
; pre_syn.bp.u_secondLayer_layer_1_in_15__0_ ; Top       ; Output Port   ; n/a      ;             ;
;                                            ;           ;               ;          ;             ;
; pre_syn.bp.u_secondLayer_layer_1_in_15__1_ ; Top       ; Output Port   ; n/a      ;             ;
;                                            ;           ;               ;          ;             ;
; pre_syn.bp.u_secondLayer_layer_1_in_15__2_ ; Top       ; Output Port   ; n/a      ;             ;
;                                            ;           ;               ;          ;             ;
; pre_syn.bp.u_secondLayer_layer_1_in_15__3_ ; Top       ; Output Port   ; n/a      ;             ;
;                                            ;           ;               ;          ;             ;
; pre_syn.bp.u_secondLayer_layer_1_in_15__4_ ; Top       ; Output Port   ; n/a      ;             ;
;                                            ;           ;               ;          ;             ;
; pre_syn.bp.u_secondLayer_layer_1_in_15__5_ ; Top       ; Output Port   ; n/a      ;             ;
;                                            ;           ;               ;          ;             ;
; pre_syn.bp.u_secondLayer_layer_1_in_15__6_ ; Top       ; Output Port   ; n/a      ;             ;
;                                            ;           ;               ;          ;             ;
; pre_syn.bp.u_secondLayer_layer_1_in_15__7_ ; Top       ; Output Port   ; n/a      ;             ;
;                                            ;           ;               ;          ;             ;
; pre_syn.bp.u_secondLayer_layer_1_in_15__8_ ; Top       ; Output Port   ; n/a      ;             ;
;                                            ;           ;               ;          ;             ;
; pre_syn.bp.u_secondLayer_layer_1_in_16__0_ ; Top       ; Output Port   ; n/a      ;             ;
;                                            ;           ;               ;          ;             ;
; pre_syn.bp.u_secondLayer_layer_1_in_16__1_ ; Top       ; Output Port   ; n/a      ;             ;
;                                            ;           ;               ;          ;             ;
; pre_syn.bp.u_secondLayer_layer_1_in_16__2_ ; Top       ; Output Port   ; n/a      ;             ;
;                                            ;           ;               ;          ;             ;
; pre_syn.bp.u_secondLayer_layer_1_in_16__3_ ; Top       ; Output Port   ; n/a      ;             ;
;                                            ;           ;               ;          ;             ;
; pre_syn.bp.u_secondLayer_layer_1_in_16__4_ ; Top       ; Output Port   ; n/a      ;             ;
;                                            ;           ;               ;          ;             ;
; pre_syn.bp.u_secondLayer_layer_1_in_16__5_ ; Top       ; Output Port   ; n/a      ;             ;
;                                            ;           ;               ;          ;             ;
; pre_syn.bp.u_secondLayer_layer_1_in_16__6_ ; Top       ; Output Port   ; n/a      ;             ;
;                                            ;           ;               ;          ;             ;
; pre_syn.bp.u_secondLayer_layer_1_in_16__7_ ; Top       ; Output Port   ; n/a      ;             ;
;                                            ;           ;               ;          ;             ;
; pre_syn.bp.u_secondLayer_layer_1_in_16__8_ ; Top       ; Output Port   ; n/a      ;             ;
;                                            ;           ;               ;          ;             ;
; pre_syn.bp.u_secondLayer_layer_1_in_17__0_ ; Top       ; Output Port   ; n/a      ;             ;
;                                            ;           ;               ;          ;             ;
; pre_syn.bp.u_secondLayer_layer_1_in_17__1_ ; Top       ; Output Port   ; n/a      ;             ;
;                                            ;           ;               ;          ;             ;
; pre_syn.bp.u_secondLayer_layer_1_in_17__2_ ; Top       ; Output Port   ; n/a      ;             ;
;                                            ;           ;               ;          ;             ;
; pre_syn.bp.u_secondLayer_layer_1_in_17__3_ ; Top       ; Output Port   ; n/a      ;             ;
;                                            ;           ;               ;          ;             ;
; pre_syn.bp.u_secondLayer_layer_1_in_17__4_ ; Top       ; Output Port   ; n/a      ;             ;
;                                            ;           ;               ;          ;             ;
; pre_syn.bp.u_secondLayer_layer_1_in_17__5_ ; Top       ; Output Port   ; n/a      ;             ;
;                                            ;           ;               ;          ;             ;
; pre_syn.bp.u_secondLayer_layer_1_in_17__6_ ; Top       ; Output Port   ; n/a      ;             ;
;                                            ;           ;               ;          ;             ;
; pre_syn.bp.u_secondLayer_layer_1_in_17__7_ ; Top       ; Output Port   ; n/a      ;             ;
;                                            ;           ;               ;          ;             ;
; pre_syn.bp.u_secondLayer_layer_1_in_17__8_ ; Top       ; Output Port   ; n/a      ;             ;
;                                            ;           ;               ;          ;             ;
; pre_syn.bp.u_secondLayer_layer_1_in_18__0_ ; Top       ; Output Port   ; n/a      ;             ;
;                                            ;           ;               ;          ;             ;
; pre_syn.bp.u_secondLayer_layer_1_in_18__1_ ; Top       ; Output Port   ; n/a      ;             ;
;                                            ;           ;               ;          ;             ;
; pre_syn.bp.u_secondLayer_layer_1_in_18__2_ ; Top       ; Output Port   ; n/a      ;             ;
;                                            ;           ;               ;          ;             ;
; pre_syn.bp.u_secondLayer_layer_1_in_18__3_ ; Top       ; Output Port   ; n/a      ;             ;
;                                            ;           ;               ;          ;             ;
; pre_syn.bp.u_secondLayer_layer_1_in_18__4_ ; Top       ; Output Port   ; n/a      ;             ;
;                                            ;           ;               ;          ;             ;
; pre_syn.bp.u_secondLayer_layer_1_in_18__5_ ; Top       ; Output Port   ; n/a      ;             ;
;                                            ;           ;               ;          ;             ;
; pre_syn.bp.u_secondLayer_layer_1_in_18__6_ ; Top       ; Output Port   ; n/a      ;             ;
;                                            ;           ;               ;          ;             ;
; pre_syn.bp.u_secondLayer_layer_1_in_18__7_ ; Top       ; Output Port   ; n/a      ;             ;
;                                            ;           ;               ;          ;             ;
; pre_syn.bp.u_secondLayer_layer_1_in_18__8_ ; Top       ; Output Port   ; n/a      ;             ;
;                                            ;           ;               ;          ;             ;
; pre_syn.bp.u_secondLayer_layer_1_in_19__0_ ; Top       ; Output Port   ; n/a      ;             ;
;                                            ;           ;               ;          ;             ;
; pre_syn.bp.u_secondLayer_layer_1_in_19__1_ ; Top       ; Output Port   ; n/a      ;             ;
;                                            ;           ;               ;          ;             ;
; pre_syn.bp.u_secondLayer_layer_1_in_19__2_ ; Top       ; Output Port   ; n/a      ;             ;
;                                            ;           ;               ;          ;             ;
; pre_syn.bp.u_secondLayer_layer_1_in_19__3_ ; Top       ; Output Port   ; n/a      ;             ;
;                                            ;           ;               ;          ;             ;
; pre_syn.bp.u_secondLayer_layer_1_in_19__4_ ; Top       ; Output Port   ; n/a      ;             ;
;                                            ;           ;               ;          ;             ;
; pre_syn.bp.u_secondLayer_layer_1_in_19__5_ ; Top       ; Output Port   ; n/a      ;             ;
;                                            ;           ;               ;          ;             ;
; pre_syn.bp.u_secondLayer_layer_1_in_19__6_ ; Top       ; Output Port   ; n/a      ;             ;
;                                            ;           ;               ;          ;             ;
; pre_syn.bp.u_secondLayer_layer_1_in_19__7_ ; Top       ; Output Port   ; n/a      ;             ;
;                                            ;           ;               ;          ;             ;
; pre_syn.bp.u_secondLayer_layer_1_in_19__8_ ; Top       ; Output Port   ; n/a      ;             ;
;                                            ;           ;               ;          ;             ;
; pre_syn.bp.u_secondLayer_layer_1_in_1__0_  ; Top       ; Output Port   ; n/a      ;             ;
;                                            ;           ;               ;          ;             ;
; pre_syn.bp.u_secondLayer_layer_1_in_1__1_  ; Top       ; Output Port   ; n/a      ;             ;
;                                            ;           ;               ;          ;             ;
; pre_syn.bp.u_secondLayer_layer_1_in_1__2_  ; Top       ; Output Port   ; n/a      ;             ;
;                                            ;           ;               ;          ;             ;
; pre_syn.bp.u_secondLayer_layer_1_in_1__3_  ; Top       ; Output Port   ; n/a      ;             ;
;                                            ;           ;               ;          ;             ;
; pre_syn.bp.u_secondLayer_layer_1_in_1__4_  ; Top       ; Output Port   ; n/a      ;             ;
;                                            ;           ;               ;          ;             ;
; pre_syn.bp.u_secondLayer_layer_1_in_1__5_  ; Top       ; Output Port   ; n/a      ;             ;
;                                            ;           ;               ;          ;             ;
; pre_syn.bp.u_secondLayer_layer_1_in_1__6_  ; Top       ; Output Port   ; n/a      ;             ;
;                                            ;           ;               ;          ;             ;
; pre_syn.bp.u_secondLayer_layer_1_in_1__7_  ; Top       ; Output Port   ; n/a      ;             ;
;                                            ;           ;               ;          ;             ;
; pre_syn.bp.u_secondLayer_layer_1_in_1__8_  ; Top       ; Output Port   ; n/a      ;             ;
;                                            ;           ;               ;          ;             ;
; pre_syn.bp.u_secondLayer_layer_1_in_20__0_ ; Top       ; Output Port   ; n/a      ;             ;
;                                            ;           ;               ;          ;             ;
; pre_syn.bp.u_secondLayer_layer_1_in_20__1_ ; Top       ; Output Port   ; n/a      ;             ;
;                                            ;           ;               ;          ;             ;
; pre_syn.bp.u_secondLayer_layer_1_in_20__2_ ; Top       ; Output Port   ; n/a      ;             ;
;                                            ;           ;               ;          ;             ;
; pre_syn.bp.u_secondLayer_layer_1_in_20__3_ ; Top       ; Output Port   ; n/a      ;             ;
;                                            ;           ;               ;          ;             ;
; pre_syn.bp.u_secondLayer_layer_1_in_20__4_ ; Top       ; Output Port   ; n/a      ;             ;
;                                            ;           ;               ;          ;             ;
; pre_syn.bp.u_secondLayer_layer_1_in_20__5_ ; Top       ; Output Port   ; n/a      ;             ;
;                                            ;           ;               ;          ;             ;
; pre_syn.bp.u_secondLayer_layer_1_in_20__6_ ; Top       ; Output Port   ; n/a      ;             ;
;                                            ;           ;               ;          ;             ;
; pre_syn.bp.u_secondLayer_layer_1_in_20__7_ ; Top       ; Output Port   ; n/a      ;             ;
;                                            ;           ;               ;          ;             ;
; pre_syn.bp.u_secondLayer_layer_1_in_20__8_ ; Top       ; Output Port   ; n/a      ;             ;
;                                            ;           ;               ;          ;             ;
; pre_syn.bp.u_secondLayer_layer_1_in_21__0_ ; Top       ; Output Port   ; n/a      ;             ;
;                                            ;           ;               ;          ;             ;
; pre_syn.bp.u_secondLayer_layer_1_in_21__1_ ; Top       ; Output Port   ; n/a      ;             ;
;                                            ;           ;               ;          ;             ;
; pre_syn.bp.u_secondLayer_layer_1_in_21__2_ ; Top       ; Output Port   ; n/a      ;             ;
;                                            ;           ;               ;          ;             ;
; pre_syn.bp.u_secondLayer_layer_1_in_21__3_ ; Top       ; Output Port   ; n/a      ;             ;
;                                            ;           ;               ;          ;             ;
; pre_syn.bp.u_secondLayer_layer_1_in_21__4_ ; Top       ; Output Port   ; n/a      ;             ;
;                                            ;           ;               ;          ;             ;
; pre_syn.bp.u_secondLayer_layer_1_in_21__5_ ; Top       ; Output Port   ; n/a      ;             ;
;                                            ;           ;               ;          ;             ;
; pre_syn.bp.u_secondLayer_layer_1_in_21__6_ ; Top       ; Output Port   ; n/a      ;             ;
;                                            ;           ;               ;          ;             ;
; pre_syn.bp.u_secondLayer_layer_1_in_21__7_ ; Top       ; Output Port   ; n/a      ;             ;
;                                            ;           ;               ;          ;             ;
; pre_syn.bp.u_secondLayer_layer_1_in_21__8_ ; Top       ; Output Port   ; n/a      ;             ;
;                                            ;           ;               ;          ;             ;
; pre_syn.bp.u_secondLayer_layer_1_in_22__0_ ; Top       ; Output Port   ; n/a      ;             ;
;                                            ;           ;               ;          ;             ;
; pre_syn.bp.u_secondLayer_layer_1_in_22__1_ ; Top       ; Output Port   ; n/a      ;             ;
;                                            ;           ;               ;          ;             ;
; pre_syn.bp.u_secondLayer_layer_1_in_22__2_ ; Top       ; Output Port   ; n/a      ;             ;
;                                            ;           ;               ;          ;             ;
; pre_syn.bp.u_secondLayer_layer_1_in_22__3_ ; Top       ; Output Port   ; n/a      ;             ;
;                                            ;           ;               ;          ;             ;
; pre_syn.bp.u_secondLayer_layer_1_in_22__4_ ; Top       ; Output Port   ; n/a      ;             ;
;                                            ;           ;               ;          ;             ;
; pre_syn.bp.u_secondLayer_layer_1_in_22__5_ ; Top       ; Output Port   ; n/a      ;             ;
;                                            ;           ;               ;          ;             ;
; pre_syn.bp.u_secondLayer_layer_1_in_22__6_ ; Top       ; Output Port   ; n/a      ;             ;
;                                            ;           ;               ;          ;             ;
; pre_syn.bp.u_secondLayer_layer_1_in_22__7_ ; Top       ; Output Port   ; n/a      ;             ;
;                                            ;           ;               ;          ;             ;
; pre_syn.bp.u_secondLayer_layer_1_in_22__8_ ; Top       ; Output Port   ; n/a      ;             ;
;                                            ;           ;               ;          ;             ;
; pre_syn.bp.u_secondLayer_layer_1_in_23__0_ ; Top       ; Output Port   ; n/a      ;             ;
;                                            ;           ;               ;          ;             ;
; pre_syn.bp.u_secondLayer_layer_1_in_23__1_ ; Top       ; Output Port   ; n/a      ;             ;
;                                            ;           ;               ;          ;             ;
; pre_syn.bp.u_secondLayer_layer_1_in_23__2_ ; Top       ; Output Port   ; n/a      ;             ;
;                                            ;           ;               ;          ;             ;
; pre_syn.bp.u_secondLayer_layer_1_in_23__3_ ; Top       ; Output Port   ; n/a      ;             ;
;                                            ;           ;               ;          ;             ;
; pre_syn.bp.u_secondLayer_layer_1_in_23__4_ ; Top       ; Output Port   ; n/a      ;             ;
;                                            ;           ;               ;          ;             ;
; pre_syn.bp.u_secondLayer_layer_1_in_23__5_ ; Top       ; Output Port   ; n/a      ;             ;
;                                            ;           ;               ;          ;             ;
; pre_syn.bp.u_secondLayer_layer_1_in_23__6_ ; Top       ; Output Port   ; n/a      ;             ;
;                                            ;           ;               ;          ;             ;
; pre_syn.bp.u_secondLayer_layer_1_in_23__7_ ; Top       ; Output Port   ; n/a      ;             ;
;                                            ;           ;               ;          ;             ;
; pre_syn.bp.u_secondLayer_layer_1_in_23__8_ ; Top       ; Output Port   ; n/a      ;             ;
;                                            ;           ;               ;          ;             ;
; pre_syn.bp.u_secondLayer_layer_1_in_24__0_ ; Top       ; Output Port   ; n/a      ;             ;
;                                            ;           ;               ;          ;             ;
; pre_syn.bp.u_secondLayer_layer_1_in_24__1_ ; Top       ; Output Port   ; n/a      ;             ;
;                                            ;           ;               ;          ;             ;
; pre_syn.bp.u_secondLayer_layer_1_in_24__2_ ; Top       ; Output Port   ; n/a      ;             ;
;                                            ;           ;               ;          ;             ;
; pre_syn.bp.u_secondLayer_layer_1_in_24__3_ ; Top       ; Output Port   ; n/a      ;             ;
;                                            ;           ;               ;          ;             ;
; pre_syn.bp.u_secondLayer_layer_1_in_24__4_ ; Top       ; Output Port   ; n/a      ;             ;
;                                            ;           ;               ;          ;             ;
; pre_syn.bp.u_secondLayer_layer_1_in_24__5_ ; Top       ; Output Port   ; n/a      ;             ;
;                                            ;           ;               ;          ;             ;
; pre_syn.bp.u_secondLayer_layer_1_in_24__6_ ; Top       ; Output Port   ; n/a      ;             ;
;                                            ;           ;               ;          ;             ;
; pre_syn.bp.u_secondLayer_layer_1_in_24__7_ ; Top       ; Output Port   ; n/a      ;             ;
;                                            ;           ;               ;          ;             ;
; pre_syn.bp.u_secondLayer_layer_1_in_24__8_ ; Top       ; Output Port   ; n/a      ;             ;
;                                            ;           ;               ;          ;             ;
; pre_syn.bp.u_secondLayer_layer_1_in_25__0_ ; Top       ; Output Port   ; n/a      ;             ;
;                                            ;           ;               ;          ;             ;
; pre_syn.bp.u_secondLayer_layer_1_in_25__1_ ; Top       ; Output Port   ; n/a      ;             ;
;                                            ;           ;               ;          ;             ;
; pre_syn.bp.u_secondLayer_layer_1_in_25__2_ ; Top       ; Output Port   ; n/a      ;             ;
;                                            ;           ;               ;          ;             ;
; pre_syn.bp.u_secondLayer_layer_1_in_25__3_ ; Top       ; Output Port   ; n/a      ;             ;
;                                            ;           ;               ;          ;             ;
; pre_syn.bp.u_secondLayer_layer_1_in_25__4_ ; Top       ; Output Port   ; n/a      ;             ;
;                                            ;           ;               ;          ;             ;
; pre_syn.bp.u_secondLayer_layer_1_in_25__5_ ; Top       ; Output Port   ; n/a      ;             ;
;                                            ;           ;               ;          ;             ;
; pre_syn.bp.u_secondLayer_layer_1_in_25__6_ ; Top       ; Output Port   ; n/a      ;             ;
;                                            ;           ;               ;          ;             ;
; pre_syn.bp.u_secondLayer_layer_1_in_25__7_ ; Top       ; Output Port   ; n/a      ;             ;
;                                            ;           ;               ;          ;             ;
; pre_syn.bp.u_secondLayer_layer_1_in_25__8_ ; Top       ; Output Port   ; n/a      ;             ;
;                                            ;           ;               ;          ;             ;
; pre_syn.bp.u_secondLayer_layer_1_in_26__0_ ; Top       ; Output Port   ; n/a      ;             ;
;                                            ;           ;               ;          ;             ;
; pre_syn.bp.u_secondLayer_layer_1_in_26__1_ ; Top       ; Output Port   ; n/a      ;             ;
;                                            ;           ;               ;          ;             ;
; pre_syn.bp.u_secondLayer_layer_1_in_26__2_ ; Top       ; Output Port   ; n/a      ;             ;
;                                            ;           ;               ;          ;             ;
; pre_syn.bp.u_secondLayer_layer_1_in_26__3_ ; Top       ; Output Port   ; n/a      ;             ;
;                                            ;           ;               ;          ;             ;
; pre_syn.bp.u_secondLayer_layer_1_in_26__4_ ; Top       ; Output Port   ; n/a      ;             ;
;                                            ;           ;               ;          ;             ;
; pre_syn.bp.u_secondLayer_layer_1_in_26__5_ ; Top       ; Output Port   ; n/a      ;             ;
;                                            ;           ;               ;          ;             ;
; pre_syn.bp.u_secondLayer_layer_1_in_26__6_ ; Top       ; Output Port   ; n/a      ;             ;
;                                            ;           ;               ;          ;             ;
; pre_syn.bp.u_secondLayer_layer_1_in_26__7_ ; Top       ; Output Port   ; n/a      ;             ;
;                                            ;           ;               ;          ;             ;
; pre_syn.bp.u_secondLayer_layer_1_in_26__8_ ; Top       ; Output Port   ; n/a      ;             ;
;                                            ;           ;               ;          ;             ;
; pre_syn.bp.u_secondLayer_layer_1_in_27__0_ ; Top       ; Output Port   ; n/a      ;             ;
;                                            ;           ;               ;          ;             ;
; pre_syn.bp.u_secondLayer_layer_1_in_27__1_ ; Top       ; Output Port   ; n/a      ;             ;
;                                            ;           ;               ;          ;             ;
; pre_syn.bp.u_secondLayer_layer_1_in_27__2_ ; Top       ; Output Port   ; n/a      ;             ;
;                                            ;           ;               ;          ;             ;
; pre_syn.bp.u_secondLayer_layer_1_in_27__3_ ; Top       ; Output Port   ; n/a      ;             ;
;                                            ;           ;               ;          ;             ;
; pre_syn.bp.u_secondLayer_layer_1_in_27__4_ ; Top       ; Output Port   ; n/a      ;             ;
;                                            ;           ;               ;          ;             ;
; pre_syn.bp.u_secondLayer_layer_1_in_27__5_ ; Top       ; Output Port   ; n/a      ;             ;
;                                            ;           ;               ;          ;             ;
; pre_syn.bp.u_secondLayer_layer_1_in_27__6_ ; Top       ; Output Port   ; n/a      ;             ;
;                                            ;           ;               ;          ;             ;
; pre_syn.bp.u_secondLayer_layer_1_in_27__7_ ; Top       ; Output Port   ; n/a      ;             ;
;                                            ;           ;               ;          ;             ;
; pre_syn.bp.u_secondLayer_layer_1_in_27__8_ ; Top       ; Output Port   ; n/a      ;             ;
;                                            ;           ;               ;          ;             ;
; pre_syn.bp.u_secondLayer_layer_1_in_28__0_ ; Top       ; Output Port   ; n/a      ;             ;
;                                            ;           ;               ;          ;             ;
; pre_syn.bp.u_secondLayer_layer_1_in_28__1_ ; Top       ; Output Port   ; n/a      ;             ;
;                                            ;           ;               ;          ;             ;
; pre_syn.bp.u_secondLayer_layer_1_in_28__2_ ; Top       ; Output Port   ; n/a      ;             ;
;                                            ;           ;               ;          ;             ;
; pre_syn.bp.u_secondLayer_layer_1_in_28__3_ ; Top       ; Output Port   ; n/a      ;             ;
;                                            ;           ;               ;          ;             ;
; pre_syn.bp.u_secondLayer_layer_1_in_28__4_ ; Top       ; Output Port   ; n/a      ;             ;
;                                            ;           ;               ;          ;             ;
; pre_syn.bp.u_secondLayer_layer_1_in_28__5_ ; Top       ; Output Port   ; n/a      ;             ;
;                                            ;           ;               ;          ;             ;
; pre_syn.bp.u_secondLayer_layer_1_in_28__6_ ; Top       ; Output Port   ; n/a      ;             ;
;                                            ;           ;               ;          ;             ;
; pre_syn.bp.u_secondLayer_layer_1_in_28__7_ ; Top       ; Output Port   ; n/a      ;             ;
;                                            ;           ;               ;          ;             ;
; pre_syn.bp.u_secondLayer_layer_1_in_28__8_ ; Top       ; Output Port   ; n/a      ;             ;
;                                            ;           ;               ;          ;             ;
; pre_syn.bp.u_secondLayer_layer_1_in_29__0_ ; Top       ; Output Port   ; n/a      ;             ;
;                                            ;           ;               ;          ;             ;
; pre_syn.bp.u_secondLayer_layer_1_in_29__1_ ; Top       ; Output Port   ; n/a      ;             ;
;                                            ;           ;               ;          ;             ;
; pre_syn.bp.u_secondLayer_layer_1_in_29__2_ ; Top       ; Output Port   ; n/a      ;             ;
;                                            ;           ;               ;          ;             ;
; pre_syn.bp.u_secondLayer_layer_1_in_29__3_ ; Top       ; Output Port   ; n/a      ;             ;
;                                            ;           ;               ;          ;             ;
; pre_syn.bp.u_secondLayer_layer_1_in_29__4_ ; Top       ; Output Port   ; n/a      ;             ;
;                                            ;           ;               ;          ;             ;
; pre_syn.bp.u_secondLayer_layer_1_in_29__5_ ; Top       ; Output Port   ; n/a      ;             ;
;                                            ;           ;               ;          ;             ;
; pre_syn.bp.u_secondLayer_layer_1_in_29__6_ ; Top       ; Output Port   ; n/a      ;             ;
;                                            ;           ;               ;          ;             ;
; pre_syn.bp.u_secondLayer_layer_1_in_29__7_ ; Top       ; Output Port   ; n/a      ;             ;
;                                            ;           ;               ;          ;             ;
; pre_syn.bp.u_secondLayer_layer_1_in_29__8_ ; Top       ; Output Port   ; n/a      ;             ;
;                                            ;           ;               ;          ;             ;
; pre_syn.bp.u_secondLayer_layer_1_in_2__0_  ; Top       ; Output Port   ; n/a      ;             ;
;                                            ;           ;               ;          ;             ;
; pre_syn.bp.u_secondLayer_layer_1_in_2__1_  ; Top       ; Output Port   ; n/a      ;             ;
;                                            ;           ;               ;          ;             ;
; pre_syn.bp.u_secondLayer_layer_1_in_2__2_  ; Top       ; Output Port   ; n/a      ;             ;
;                                            ;           ;               ;          ;             ;
; pre_syn.bp.u_secondLayer_layer_1_in_2__3_  ; Top       ; Output Port   ; n/a      ;             ;
;                                            ;           ;               ;          ;             ;
; pre_syn.bp.u_secondLayer_layer_1_in_2__4_  ; Top       ; Output Port   ; n/a      ;             ;
;                                            ;           ;               ;          ;             ;
; pre_syn.bp.u_secondLayer_layer_1_in_2__5_  ; Top       ; Output Port   ; n/a      ;             ;
;                                            ;           ;               ;          ;             ;
; pre_syn.bp.u_secondLayer_layer_1_in_2__6_  ; Top       ; Output Port   ; n/a      ;             ;
;                                            ;           ;               ;          ;             ;
; pre_syn.bp.u_secondLayer_layer_1_in_2__7_  ; Top       ; Output Port   ; n/a      ;             ;
;                                            ;           ;               ;          ;             ;
; pre_syn.bp.u_secondLayer_layer_1_in_2__8_  ; Top       ; Output Port   ; n/a      ;             ;
;                                            ;           ;               ;          ;             ;
; pre_syn.bp.u_secondLayer_layer_1_in_30__0_ ; Top       ; Output Port   ; n/a      ;             ;
;                                            ;           ;               ;          ;             ;
; pre_syn.bp.u_secondLayer_layer_1_in_30__1_ ; Top       ; Output Port   ; n/a      ;             ;
;                                            ;           ;               ;          ;             ;
; pre_syn.bp.u_secondLayer_layer_1_in_30__2_ ; Top       ; Output Port   ; n/a      ;             ;
;                                            ;           ;               ;          ;             ;
; pre_syn.bp.u_secondLayer_layer_1_in_30__3_ ; Top       ; Output Port   ; n/a      ;             ;
;                                            ;           ;               ;          ;             ;
; pre_syn.bp.u_secondLayer_layer_1_in_30__4_ ; Top       ; Output Port   ; n/a      ;             ;
;                                            ;           ;               ;          ;             ;
; pre_syn.bp.u_secondLayer_layer_1_in_30__5_ ; Top       ; Output Port   ; n/a      ;             ;
;                                            ;           ;               ;          ;             ;
; pre_syn.bp.u_secondLayer_layer_1_in_30__6_ ; Top       ; Output Port   ; n/a      ;             ;
;                                            ;           ;               ;          ;             ;
; pre_syn.bp.u_secondLayer_layer_1_in_30__7_ ; Top       ; Output Port   ; n/a      ;             ;
;                                            ;           ;               ;          ;             ;
; pre_syn.bp.u_secondLayer_layer_1_in_30__8_ ; Top       ; Output Port   ; n/a      ;             ;
;                                            ;           ;               ;          ;             ;
; pre_syn.bp.u_secondLayer_layer_1_in_31__0_ ; Top       ; Output Port   ; n/a      ;             ;
;                                            ;           ;               ;          ;             ;
; pre_syn.bp.u_secondLayer_layer_1_in_31__1_ ; Top       ; Output Port   ; n/a      ;             ;
;                                            ;           ;               ;          ;             ;
; pre_syn.bp.u_secondLayer_layer_1_in_31__2_ ; Top       ; Output Port   ; n/a      ;             ;
;                                            ;           ;               ;          ;             ;
; pre_syn.bp.u_secondLayer_layer_1_in_31__3_ ; Top       ; Output Port   ; n/a      ;             ;
;                                            ;           ;               ;          ;             ;
; pre_syn.bp.u_secondLayer_layer_1_in_31__4_ ; Top       ; Output Port   ; n/a      ;             ;
;                                            ;           ;               ;          ;             ;
; pre_syn.bp.u_secondLayer_layer_1_in_31__5_ ; Top       ; Output Port   ; n/a      ;             ;
;                                            ;           ;               ;          ;             ;
; pre_syn.bp.u_secondLayer_layer_1_in_31__6_ ; Top       ; Output Port   ; n/a      ;             ;
;                                            ;           ;               ;          ;             ;
; pre_syn.bp.u_secondLayer_layer_1_in_31__7_ ; Top       ; Output Port   ; n/a      ;             ;
;                                            ;           ;               ;          ;             ;
; pre_syn.bp.u_secondLayer_layer_1_in_31__8_ ; Top       ; Output Port   ; n/a      ;             ;
;                                            ;           ;               ;          ;             ;
; pre_syn.bp.u_secondLayer_layer_1_in_3__0_  ; Top       ; Output Port   ; n/a      ;             ;
;                                            ;           ;               ;          ;             ;
; pre_syn.bp.u_secondLayer_layer_1_in_3__1_  ; Top       ; Output Port   ; n/a      ;             ;
;                                            ;           ;               ;          ;             ;
; pre_syn.bp.u_secondLayer_layer_1_in_3__2_  ; Top       ; Output Port   ; n/a      ;             ;
;                                            ;           ;               ;          ;             ;
; pre_syn.bp.u_secondLayer_layer_1_in_3__3_  ; Top       ; Output Port   ; n/a      ;             ;
;                                            ;           ;               ;          ;             ;
; pre_syn.bp.u_secondLayer_layer_1_in_3__4_  ; Top       ; Output Port   ; n/a      ;             ;
;                                            ;           ;               ;          ;             ;
; pre_syn.bp.u_secondLayer_layer_1_in_3__5_  ; Top       ; Output Port   ; n/a      ;             ;
;                                            ;           ;               ;          ;             ;
; pre_syn.bp.u_secondLayer_layer_1_in_3__6_  ; Top       ; Output Port   ; n/a      ;             ;
;                                            ;           ;               ;          ;             ;
; pre_syn.bp.u_secondLayer_layer_1_in_3__7_  ; Top       ; Output Port   ; n/a      ;             ;
;                                            ;           ;               ;          ;             ;
; pre_syn.bp.u_secondLayer_layer_1_in_3__8_  ; Top       ; Output Port   ; n/a      ;             ;
;                                            ;           ;               ;          ;             ;
; pre_syn.bp.u_secondLayer_layer_1_in_4__0_  ; Top       ; Output Port   ; n/a      ;             ;
;                                            ;           ;               ;          ;             ;
; pre_syn.bp.u_secondLayer_layer_1_in_4__1_  ; Top       ; Output Port   ; n/a      ;             ;
;                                            ;           ;               ;          ;             ;
; pre_syn.bp.u_secondLayer_layer_1_in_4__2_  ; Top       ; Output Port   ; n/a      ;             ;
;                                            ;           ;               ;          ;             ;
; pre_syn.bp.u_secondLayer_layer_1_in_4__3_  ; Top       ; Output Port   ; n/a      ;             ;
;                                            ;           ;               ;          ;             ;
; pre_syn.bp.u_secondLayer_layer_1_in_4__4_  ; Top       ; Output Port   ; n/a      ;             ;
;                                            ;           ;               ;          ;             ;
; pre_syn.bp.u_secondLayer_layer_1_in_4__5_  ; Top       ; Output Port   ; n/a      ;             ;
;                                            ;           ;               ;          ;             ;
; pre_syn.bp.u_secondLayer_layer_1_in_4__6_  ; Top       ; Output Port   ; n/a      ;             ;
;                                            ;           ;               ;          ;             ;
; pre_syn.bp.u_secondLayer_layer_1_in_4__7_  ; Top       ; Output Port   ; n/a      ;             ;
;                                            ;           ;               ;          ;             ;
; pre_syn.bp.u_secondLayer_layer_1_in_4__8_  ; Top       ; Output Port   ; n/a      ;             ;
;                                            ;           ;               ;          ;             ;
; pre_syn.bp.u_secondLayer_layer_1_in_5__0_  ; Top       ; Output Port   ; n/a      ;             ;
;                                            ;           ;               ;          ;             ;
; pre_syn.bp.u_secondLayer_layer_1_in_5__1_  ; Top       ; Output Port   ; n/a      ;             ;
;                                            ;           ;               ;          ;             ;
; pre_syn.bp.u_secondLayer_layer_1_in_5__2_  ; Top       ; Output Port   ; n/a      ;             ;
;                                            ;           ;               ;          ;             ;
; pre_syn.bp.u_secondLayer_layer_1_in_5__3_  ; Top       ; Output Port   ; n/a      ;             ;
;                                            ;           ;               ;          ;             ;
; pre_syn.bp.u_secondLayer_layer_1_in_5__4_  ; Top       ; Output Port   ; n/a      ;             ;
;                                            ;           ;               ;          ;             ;
; pre_syn.bp.u_secondLayer_layer_1_in_5__5_  ; Top       ; Output Port   ; n/a      ;             ;
;                                            ;           ;               ;          ;             ;
; pre_syn.bp.u_secondLayer_layer_1_in_5__6_  ; Top       ; Output Port   ; n/a      ;             ;
;                                            ;           ;               ;          ;             ;
; pre_syn.bp.u_secondLayer_layer_1_in_5__7_  ; Top       ; Output Port   ; n/a      ;             ;
;                                            ;           ;               ;          ;             ;
; pre_syn.bp.u_secondLayer_layer_1_in_5__8_  ; Top       ; Output Port   ; n/a      ;             ;
;                                            ;           ;               ;          ;             ;
; pre_syn.bp.u_secondLayer_layer_1_in_6__0_  ; Top       ; Output Port   ; n/a      ;             ;
;                                            ;           ;               ;          ;             ;
; pre_syn.bp.u_secondLayer_layer_1_in_6__1_  ; Top       ; Output Port   ; n/a      ;             ;
;                                            ;           ;               ;          ;             ;
; pre_syn.bp.u_secondLayer_layer_1_in_6__2_  ; Top       ; Output Port   ; n/a      ;             ;
;                                            ;           ;               ;          ;             ;
; pre_syn.bp.u_secondLayer_layer_1_in_6__3_  ; Top       ; Output Port   ; n/a      ;             ;
;                                            ;           ;               ;          ;             ;
; pre_syn.bp.u_secondLayer_layer_1_in_6__4_  ; Top       ; Output Port   ; n/a      ;             ;
;                                            ;           ;               ;          ;             ;
; pre_syn.bp.u_secondLayer_layer_1_in_6__5_  ; Top       ; Output Port   ; n/a      ;             ;
;                                            ;           ;               ;          ;             ;
; pre_syn.bp.u_secondLayer_layer_1_in_6__6_  ; Top       ; Output Port   ; n/a      ;             ;
;                                            ;           ;               ;          ;             ;
; pre_syn.bp.u_secondLayer_layer_1_in_6__7_  ; Top       ; Output Port   ; n/a      ;             ;
;                                            ;           ;               ;          ;             ;
; pre_syn.bp.u_secondLayer_layer_1_in_6__8_  ; Top       ; Output Port   ; n/a      ;             ;
;                                            ;           ;               ;          ;             ;
; pre_syn.bp.u_secondLayer_layer_1_in_7__0_  ; Top       ; Output Port   ; n/a      ;             ;
;                                            ;           ;               ;          ;             ;
; pre_syn.bp.u_secondLayer_layer_1_in_7__1_  ; Top       ; Output Port   ; n/a      ;             ;
;                                            ;           ;               ;          ;             ;
; pre_syn.bp.u_secondLayer_layer_1_in_7__2_  ; Top       ; Output Port   ; n/a      ;             ;
;                                            ;           ;               ;          ;             ;
; pre_syn.bp.u_secondLayer_layer_1_in_7__3_  ; Top       ; Output Port   ; n/a      ;             ;
;                                            ;           ;               ;          ;             ;
; pre_syn.bp.u_secondLayer_layer_1_in_7__4_  ; Top       ; Output Port   ; n/a      ;             ;
;                                            ;           ;               ;          ;             ;
; pre_syn.bp.u_secondLayer_layer_1_in_7__5_  ; Top       ; Output Port   ; n/a      ;             ;
;                                            ;           ;               ;          ;             ;
; pre_syn.bp.u_secondLayer_layer_1_in_7__6_  ; Top       ; Output Port   ; n/a      ;             ;
;                                            ;           ;               ;          ;             ;
; pre_syn.bp.u_secondLayer_layer_1_in_7__7_  ; Top       ; Output Port   ; n/a      ;             ;
;                                            ;           ;               ;          ;             ;
; pre_syn.bp.u_secondLayer_layer_1_in_7__8_  ; Top       ; Output Port   ; n/a      ;             ;
;                                            ;           ;               ;          ;             ;
; pre_syn.bp.u_secondLayer_layer_1_in_8__0_  ; Top       ; Output Port   ; n/a      ;             ;
;                                            ;           ;               ;          ;             ;
; pre_syn.bp.u_secondLayer_layer_1_in_8__1_  ; Top       ; Output Port   ; n/a      ;             ;
;                                            ;           ;               ;          ;             ;
; pre_syn.bp.u_secondLayer_layer_1_in_8__2_  ; Top       ; Output Port   ; n/a      ;             ;
;                                            ;           ;               ;          ;             ;
; pre_syn.bp.u_secondLayer_layer_1_in_8__3_  ; Top       ; Output Port   ; n/a      ;             ;
;                                            ;           ;               ;          ;             ;
; pre_syn.bp.u_secondLayer_layer_1_in_8__4_  ; Top       ; Output Port   ; n/a      ;             ;
;                                            ;           ;               ;          ;             ;
; pre_syn.bp.u_secondLayer_layer_1_in_8__5_  ; Top       ; Output Port   ; n/a      ;             ;
;                                            ;           ;               ;          ;             ;
; pre_syn.bp.u_secondLayer_layer_1_in_8__6_  ; Top       ; Output Port   ; n/a      ;             ;
;                                            ;           ;               ;          ;             ;
; pre_syn.bp.u_secondLayer_layer_1_in_8__7_  ; Top       ; Output Port   ; n/a      ;             ;
;                                            ;           ;               ;          ;             ;
; pre_syn.bp.u_secondLayer_layer_1_in_8__8_  ; Top       ; Output Port   ; n/a      ;             ;
;                                            ;           ;               ;          ;             ;
; pre_syn.bp.u_secondLayer_layer_1_in_9__0_  ; Top       ; Output Port   ; n/a      ;             ;
;                                            ;           ;               ;          ;             ;
; pre_syn.bp.u_secondLayer_layer_1_in_9__1_  ; Top       ; Output Port   ; n/a      ;             ;
;                                            ;           ;               ;          ;             ;
; pre_syn.bp.u_secondLayer_layer_1_in_9__2_  ; Top       ; Output Port   ; n/a      ;             ;
;                                            ;           ;               ;          ;             ;
; pre_syn.bp.u_secondLayer_layer_1_in_9__3_  ; Top       ; Output Port   ; n/a      ;             ;
;                                            ;           ;               ;          ;             ;
; pre_syn.bp.u_secondLayer_layer_1_in_9__4_  ; Top       ; Output Port   ; n/a      ;             ;
;                                            ;           ;               ;          ;             ;
; pre_syn.bp.u_secondLayer_layer_1_in_9__5_  ; Top       ; Output Port   ; n/a      ;             ;
;                                            ;           ;               ;          ;             ;
; pre_syn.bp.u_secondLayer_layer_1_in_9__6_  ; Top       ; Output Port   ; n/a      ;             ;
;                                            ;           ;               ;          ;             ;
; pre_syn.bp.u_secondLayer_layer_1_in_9__7_  ; Top       ; Output Port   ; n/a      ;             ;
;                                            ;           ;               ;          ;             ;
; pre_syn.bp.u_secondLayer_layer_1_in_9__8_  ; Top       ; Output Port   ; n/a      ;             ;
;                                            ;           ;               ;          ;             ;
+--------------------------------------------+-----------+---------------+----------+-------------+


+--------------------------------------------------------------+
; Partition Merge Resource Usage Summary                       ;
+---------------------------------------------+----------------+
; Resource                                    ; Usage          ;
+---------------------------------------------+----------------+
; Estimate of Logic utilization (ALMs needed) ; 6379           ;
;                                             ;                ;
; Combinational ALUT usage for logic          ; 4205           ;
;     -- 7 input functions                    ; 802            ;
;     -- 6 input functions                    ; 3020           ;
;     -- 5 input functions                    ; 105            ;
;     -- 4 input functions                    ; 68             ;
;     -- <=3 input functions                  ; 210            ;
;                                             ;                ;
; Dedicated logic registers                   ; 8045           ;
;                                             ;                ;
; I/O pins                                    ; 12             ;
; Total MLAB memory bits                      ; 0              ;
; Total block memory bits                     ; 97024          ;
;                                             ;                ;
; Total DSP Blocks                            ; 3              ;
;                                             ;                ;
; Maximum fan-out node                        ; CLOCK_50~input ;
; Maximum fan-out                             ; 5518           ;
; Total fan-out                               ; 47844          ;
; Average fan-out                             ; 3.67           ;
+---------------------------------------------+----------------+


+------------------------------------------------------------------------------------------------------------------------------------------------------------------------------------------------------------------------------------------------------------------------------------------------------------+
; Partition Merge RAM Summary                                                                                                                                                                                                                                                                                ;
+-------------------------------------------------------------------------------------------------------------------------------------------------------------------------------------------------------+------+------------------+--------------+--------------+--------------+--------------+-------+------+
; Name                                                                                                                                                                                                  ; Type ; Mode             ; Port A Depth ; Port A Width ; Port B Depth ; Port B Width ; Size  ; MIF  ;
+-------------------------------------------------------------------------------------------------------------------------------------------------------------------------------------------------------+------+------------------+--------------+--------------+--------------+--------------+-------+------+
; sld_signaltap:auto_signaltap_0|sld_signaltap_impl:sld_signaltap_body|sld_signaltap_implb:sld_signaltap_body|altsyncram:\stp_non_zero_ram_gen:stp_buffer_ram|altsyncram_ef84:auto_generated|ALTSYNCRAM ; AUTO ; Simple Dual Port ; 128          ; 758          ; 128          ; 758          ; 97024 ; None ;
+-------------------------------------------------------------------------------------------------------------------------------------------------------------------------------------------------------+------+------------------+--------------+--------------+--------------+--------------+-------+------+


+-----------------------------------------------+
; Partition Merge DSP Block Usage Summary       ;
+---------------------------------+-------------+
; Statistic                       ; Number Used ;
+---------------------------------+-------------+
; Independent 18x18 plus 36       ; 2           ;
; Independent 27x27               ; 1           ;
; Total number of DSP blocks      ; 3           ;
;                                 ;             ;
; Fixed Point Signed Multiplier   ; 1           ;
; Fixed Point Unsigned Multiplier ; 2           ;
+---------------------------------+-------------+


+--------------------------+
; Partition Merge Messages ;
+--------------------------+
Info: *******************************************************************
Info: Running Quartus Prime Partition Merge
    Info: Version 25.1std.0 Build 1129 10/21/2025 SC Lite Edition
    Info: Processing started: Thu Aug 27 17:15:05 2026
Info: Command: quartus_cdb --read_settings_files=off --write_settings_files=off ai_accelerator -c ai_accelerator --merge=on
Warning (18236): Number of processors has not been specified which may cause overloading on shared machines.  Set the global assignment NUM_PARALLEL_PROCESSORS in your QSF to an appropriate value for best performance.
Info (35007): Using synthesis netlist for partition "Top"
Info (35007): Using synthesis netlist for partition "sld_hub:auto_hub"
Info (35007): Using synthesis netlist for partition "sld_signaltap:auto_signaltap_0"
Critical Warning (35025): Partially connected in-system debug instance "auto_signaltap_0" to 609 of its 1549 required data inputs, trigger inputs, acquisition clocks, and dynamic pins.  There were 0 illegal, 0 inaccessible, and 940 missing sources or connections.
Info (35002): Resolved and merged 3 partition(s)
Info (16010): Generating hard_block partition "hard_block:auto_generated_inst"
    Info (16011): Adding 9 node(s), including 0 DDIO, 0 PLL, 0 transceiver and 0 LCELL
Critical Warning (138067): Current license file does not support incremental compilation. The Quartus Prime software removes all the user-specified design partitions in the design automatically.
Info (21057): Implemented 12821 device resources after synthesis - the final resource count might be different
    Info (21058): Implemented 5 input pins
    Info (21059): Implemented 11 output pins
    Info (21061): Implemented 12043 logic cells
    Info (21064): Implemented 758 RAM segments
    Info (21062): Implemented 3 DSP elements
Info: Quartus Prime Partition Merge was successful. 0 errors, 3 warnings
    Info: Peak virtual memory: 4853 megabytes
    Info: Processing ended: Thu Aug 27 17:15:07 2026
    Info: Elapsed time: 00:00:02
    Info: Total CPU time (on all processors): 00:00:03


